locationid,zone,aisle,bay
199685,A,0,1
199694,A,0,10
199695,A,0,11
199696,A,0,12
199697,A,0,13
199698,A,0,14
199699,A,0,15
199700,A,0,16
199701,A,0,17
199702,A,0,18
199703,A,0,19
199686,A,0,2
199704,A,0,20
199705,A,0,21
199706,A,0,22
199707,A,0,23
199708,A,0,24
199709,A,0,25
199710,A,0,26
199711,A,0,27
199712,A,0,28
199713,A,0,29
199687,A,0,3
199714,A,0,30
199715,A,0,31
199716,A,0,32
199717,A,0,33
199718,A,0,34
199719,A,0,35
199720,A,0,36
199721,A,0,37
199722,A,0,38
199723,A,0,39
199688,A,0,4
199724,A,0,40
199725,A,0,41
199726,A,0,42
199727,A,0,43
199728,A,0,44
199729,A,0,45
199730,A,0,46
199731,A,0,47
199732,A,0,48
199733,A,0,49
199689,A,0,5
199734,A,0,50
199735,A,0,51
199736,A,0,52
199737,A,0,53
199738,A,0,54
199739,A,0,55
199740,A,0,56
290549,A,0,57
290550,A,0,58
290551,A,0,59
199690,A,0,6
290552,A,0,60
290553,A,0,61
290554,A,0,62
290555,A,0,63
290556,A,0,64
290557,A,0,65
290558,A,0,66
290559,A,0,67
290560,A,0,68
290561,A,0,69
199691,A,0,7
290562,A,0,70
290563,A,0,71
290564,A,0,72
290565,A,0,73
290566,A,0,74
290567,A,0,75
290568,A,0,76
199692,A,0,8
199693,A,0,9
199741,A,1,1
199750,A,1,10
199751,A,1,11
199752,A,1,12
199753,A,1,13
199754,A,1,14
199755,A,1,15
199756,A,1,16
199757,A,1,17
199758,A,1,18
199759,A,1,19
199742,A,1,2
199760,A,1,20
199761,A,1,21
199762,A,1,22
199763,A,1,23
199764,A,1,24
199765,A,1,25
199766,A,1,26
199767,A,1,27
199768,A,1,28
199769,A,1,29
199743,A,1,3
199770,A,1,30
199771,A,1,31
199772,A,1,32
199773,A,1,33
199774,A,1,34
199775,A,1,35
199776,A,1,36
199777,A,1,37
199778,A,1,38
199779,A,1,39
199744,A,1,4
199780,A,1,40
199781,A,1,41
199782,A,1,42
199783,A,1,43
199784,A,1,44
199785,A,1,45
199786,A,1,46
199787,A,1,47
199788,A,1,48
199789,A,1,49
199745,A,1,5
199790,A,1,50
199791,A,1,51
199792,A,1,52
199793,A,1,53
199794,A,1,54
199795,A,1,55
199796,A,1,56
290569,A,1,57
290570,A,1,58
290571,A,1,59
199746,A,1,6
290572,A,1,60
290573,A,1,61
290574,A,1,62
290575,A,1,63
290576,A,1,64
290577,A,1,65
290578,A,1,66
290579,A,1,67
290580,A,1,68
290581,A,1,69
199747,A,1,7
290582,A,1,70
290583,A,1,71
290584,A,1,72
290585,A,1,73
290586,A,1,74
290587,A,1,75
290588,A,1,76
199748,A,1,8
199749,A,1,9
199797,A,2,1
199806,A,2,10
199807,A,2,11
199808,A,2,12
199809,A,2,13
199810,A,2,14
199811,A,2,15
199812,A,2,16
199813,A,2,17
199814,A,2,18
199815,A,2,19
199798,A,2,2
199816,A,2,20
199817,A,2,21
199818,A,2,22
199819,A,2,23
199820,A,2,24
199821,A,2,25
199822,A,2,26
199823,A,2,27
199824,A,2,28
199825,A,2,29
199799,A,2,3
199826,A,2,30
199827,A,2,31
199828,A,2,32
199829,A,2,33
199830,A,2,34
199831,A,2,35
199832,A,2,36
199833,A,2,37
199834,A,2,38
199835,A,2,39
199800,A,2,4
199836,A,2,40
199837,A,2,41
199838,A,2,42
199839,A,2,43
199840,A,2,44
199841,A,2,45
199842,A,2,46
199843,A,2,47
199844,A,2,48
199845,A,2,49
199801,A,2,5
199846,A,2,50
199847,A,2,51
199848,A,2,52
199849,A,2,53
199850,A,2,54
199851,A,2,55
199852,A,2,56
199853,A,2,57
199854,A,2,58
199855,A,2,59
199802,A,2,6
199856,A,2,60
199857,A,2,61
199858,A,2,62
199859,A,2,63
199860,A,2,64
199861,A,2,65
199862,A,2,66
199863,A,2,67
199864,A,2,68
199865,A,2,69
199803,A,2,7
199866,A,2,70
199867,A,2,71
199868,A,2,72
199869,A,2,73
199870,A,2,74
199871,A,2,75
199872,A,2,76
199804,A,2,8
199805,A,2,9
199873,A,3,1
199882,A,3,10
199883,A,3,11
199884,A,3,12
199885,A,3,13
199886,A,3,14
199887,A,3,15
199888,A,3,16
199889,A,3,17
199890,A,3,18
199891,A,3,19
199874,A,3,2
199892,A,3,20
199893,A,3,21
199894,A,3,22
199895,A,3,23
199896,A,3,24
199897,A,3,25
199898,A,3,26
199899,A,3,27
199900,A,3,28
199901,A,3,29
199875,A,3,3
199902,A,3,30
199903,A,3,31
199904,A,3,32
199905,A,3,33
199906,A,3,34
199907,A,3,35
199908,A,3,36
199909,A,3,37
199910,A,3,38
199911,A,3,39
199876,A,3,4
199912,A,3,40
199913,A,3,41
199914,A,3,42
199915,A,3,43
199916,A,3,44
199917,A,3,45
199918,A,3,46
199919,A,3,47
199920,A,3,48
199921,A,3,49
199877,A,3,5
199922,A,3,50
199923,A,3,51
199924,A,3,52
199925,A,3,53
199926,A,3,54
199927,A,3,55
199928,A,3,56
199929,A,3,57
199930,A,3,58
199931,A,3,59
199878,A,3,6
199932,A,3,60
199933,A,3,61
199934,A,3,62
199935,A,3,63
199936,A,3,64
199937,A,3,65
199938,A,3,66
199939,A,3,67
199940,A,3,68
199941,A,3,69
199879,A,3,7
199942,A,3,70
199943,A,3,71
199944,A,3,72
199945,A,3,73
199946,A,3,74
199947,A,3,75
199948,A,3,76
199880,A,3,8
199881,A,3,9
199949,A,4,1
199958,A,4,10
199959,A,4,11
199960,A,4,12
199961,A,4,13
199962,A,4,14
199963,A,4,15
199964,A,4,16
199965,A,4,17
199966,A,4,18
199967,A,4,19
199950,A,4,2
199968,A,4,20
199969,A,4,21
199970,A,4,22
199971,A,4,23
199972,A,4,24
199973,A,4,25
199974,A,4,26
199975,A,4,27
199976,A,4,28
199977,A,4,29
199951,A,4,3
199978,A,4,30
199979,A,4,31
199980,A,4,32
199981,A,4,33
199982,A,4,34
199983,A,4,35
199984,A,4,36
199985,A,4,37
199986,A,4,38
199987,A,4,39
199952,A,4,4
199988,A,4,40
199989,A,4,41
199990,A,4,42
199991,A,4,43
199992,A,4,44
199993,A,4,45
199994,A,4,46
199995,A,4,47
199996,A,4,48
199997,A,4,49
199953,A,4,5
199998,A,4,50
199999,A,4,51
200000,A,4,52
200001,A,4,53
200002,A,4,54
200003,A,4,55
200004,A,4,56
200005,A,4,57
200006,A,4,58
200007,A,4,59
199954,A,4,6
200008,A,4,60
200009,A,4,61
200010,A,4,62
200011,A,4,63
200012,A,4,64
200013,A,4,65
200014,A,4,66
200015,A,4,67
200016,A,4,68
200017,A,4,69
199955,A,4,7
200018,A,4,70
200019,A,4,71
200020,A,4,72
200021,A,4,73
200022,A,4,74
200023,A,4,75
200024,A,4,76
199956,A,4,8
199957,A,4,9
200025,A,5,1
200034,A,5,10
200035,A,5,11
200036,A,5,12
200037,A,5,13
200038,A,5,14
200039,A,5,15
200040,A,5,16
200041,A,5,17
200042,A,5,18
200043,A,5,19
200026,A,5,2
200044,A,5,20
200045,A,5,21
200046,A,5,22
200047,A,5,23
200048,A,5,24
200049,A,5,25
200050,A,5,26
200051,A,5,27
200052,A,5,28
200053,A,5,29
200027,A,5,3
200054,A,5,30
200055,A,5,31
200056,A,5,32
200057,A,5,33
200058,A,5,34
200059,A,5,35
200060,A,5,36
200061,A,5,37
200062,A,5,38
200063,A,5,39
200028,A,5,4
200064,A,5,40
200065,A,5,41
200066,A,5,42
200067,A,5,43
200068,A,5,44
200069,A,5,45
200070,A,5,46
200071,A,5,47
200072,A,5,48
200073,A,5,49
200029,A,5,5
200074,A,5,50
200075,A,5,51
200076,A,5,52
200077,A,5,53
200078,A,5,54
200079,A,5,55
200080,A,5,56
200081,A,5,57
200082,A,5,58
200083,A,5,59
200030,A,5,6
200084,A,5,60
200085,A,5,61
200086,A,5,62
200087,A,5,63
200088,A,5,64
200089,A,5,65
200090,A,5,66
200091,A,5,67
200092,A,5,68
200093,A,5,69
200031,A,5,7
200094,A,5,70
200095,A,5,71
200096,A,5,72
200097,A,5,73
200098,A,5,74
200099,A,5,75
200100,A,5,76
200032,A,5,8
200033,A,5,9
200101,A,6,1
200110,A,6,10
200111,A,6,11
200112,A,6,12
200113,A,6,13
200114,A,6,14
200115,A,6,15
200116,A,6,16
200117,A,6,17
200118,A,6,18
200119,A,6,19
200102,A,6,2
200120,A,6,20
200121,A,6,21
200122,A,6,22
200123,A,6,23
200124,A,6,24
200125,A,6,25
200126,A,6,26
200127,A,6,27
200128,A,6,28
200129,A,6,29
200103,A,6,3
200130,A,6,30
200131,A,6,31
200132,A,6,32
200133,A,6,33
200134,A,6,34
200135,A,6,35
200136,A,6,36
200137,A,6,37
200138,A,6,38
200139,A,6,39
200104,A,6,4
200140,A,6,40
200141,A,6,41
200142,A,6,42
200143,A,6,43
200144,A,6,44
200145,A,6,45
200146,A,6,46
200147,A,6,47
200148,A,6,48
200149,A,6,49
200105,A,6,5
200150,A,6,50
200151,A,6,51
200152,A,6,52
200153,A,6,53
200154,A,6,54
200155,A,6,55
200156,A,6,56
200157,A,6,57
200158,A,6,58
200159,A,6,59
200106,A,6,6
200160,A,6,60
200161,A,6,61
200162,A,6,62
200163,A,6,63
200164,A,6,64
200165,A,6,65
200166,A,6,66
200167,A,6,67
200168,A,6,68
200169,A,6,69
200107,A,6,7
200170,A,6,70
200171,A,6,71
200172,A,6,72
200173,A,6,73
200174,A,6,74
200175,A,6,75
200176,A,6,76
200108,A,6,8
200109,A,6,9
200177,A,7,1
200186,A,7,10
200187,A,7,11
200188,A,7,12
200189,A,7,13
200190,A,7,14
200191,A,7,15
200192,A,7,16
200193,A,7,17
200194,A,7,18
200195,A,7,19
200178,A,7,2
200196,A,7,20
200197,A,7,21
200198,A,7,22
200199,A,7,23
200200,A,7,24
200201,A,7,25
200202,A,7,26
200203,A,7,27
200204,A,7,28
200205,A,7,29
200179,A,7,3
200206,A,7,30
200207,A,7,31
200208,A,7,32
200209,A,7,33
200210,A,7,34
200211,A,7,35
200212,A,7,36
200213,A,7,37
200214,A,7,38
200215,A,7,39
200180,A,7,4
200216,A,7,40
200217,A,7,41
200218,A,7,42
200219,A,7,43
200220,A,7,44
200221,A,7,45
200222,A,7,46
200223,A,7,47
200224,A,7,48
200225,A,7,49
200181,A,7,5
200226,A,7,50
200227,A,7,51
200228,A,7,52
200229,A,7,53
200230,A,7,54
200231,A,7,55
200232,A,7,56
200233,A,7,57
200234,A,7,58
200235,A,7,59
200182,A,7,6
200236,A,7,60
200237,A,7,61
200238,A,7,62
200239,A,7,63
200240,A,7,64
200241,A,7,65
200242,A,7,66
200243,A,7,67
200244,A,7,68
200245,A,7,69
200183,A,7,7
200246,A,7,70
200247,A,7,71
200248,A,7,72
200249,A,7,73
200250,A,7,74
200251,A,7,75
200252,A,7,76
200184,A,7,8
200185,A,7,9
288292,AR,0,10
352504,AR,0,11
288293,AR,0,12
352505,AR,0,13
288294,AR,0,14
288247,AR,0,2
352500,AR,0,3
288274,AR,0,4
352501,AR,0,5
288290,AR,0,6
352502,AR,0,7
288291,AR,0,8
352503,AR,0,9
287573,AR,1,1
287582,AR,1,10
287583,AR,1,11
287584,AR,1,12
287585,AR,1,13
287586,AR,1,14
287574,AR,1,2
287575,AR,1,3
287576,AR,1,4
287577,AR,1,5
287578,AR,1,6
287579,AR,1,7
287580,AR,1,8
287581,AR,1,9
288085,AR,10,10
288086,AR,10,11
288087,AR,10,12
288088,AR,10,13
288089,AR,10,14
288078,AR,10,3
288079,AR,10,4
288080,AR,10,5
288081,AR,10,6
288082,AR,10,7
288083,AR,10,8
288084,AR,10,9
288097,AR,11,10
288098,AR,11,11
288099,AR,11,12
288100,AR,11,13
288101,AR,11,14
288090,AR,11,3
288091,AR,11,4
288092,AR,11,5
288093,AR,11,6
288094,AR,11,7
288095,AR,11,8
288096,AR,11,9
288109,AR,12,10
288110,AR,12,11
288111,AR,12,12
288112,AR,12,13
288113,AR,12,14
288102,AR,12,3
288103,AR,12,4
288104,AR,12,5
288105,AR,12,6
288106,AR,12,7
288107,AR,12,8
288108,AR,12,9
288121,AR,13,10
288122,AR,13,11
288123,AR,13,12
288124,AR,13,13
288125,AR,13,14
288114,AR,13,3
288115,AR,13,4
288116,AR,13,5
288117,AR,13,6
288118,AR,13,7
288119,AR,13,8
288120,AR,13,9
288133,AR,14,10
288134,AR,14,11
288135,AR,14,12
288136,AR,14,13
288137,AR,14,14
288126,AR,14,3
288127,AR,14,4
288128,AR,14,5
288129,AR,14,6
288130,AR,14,7
288131,AR,14,8
288132,AR,14,9
288145,AR,15,10
288146,AR,15,11
288147,AR,15,12
288148,AR,15,13
288149,AR,15,14
288138,AR,15,3
288139,AR,15,4
288140,AR,15,5
288141,AR,15,6
288142,AR,15,7
288143,AR,15,8
288144,AR,15,9
288157,AR,16,10
288158,AR,16,11
288159,AR,16,12
288160,AR,16,13
288161,AR,16,14
288150,AR,16,3
288151,AR,16,4
288152,AR,16,5
288153,AR,16,6
288154,AR,16,7
288155,AR,16,8
288156,AR,16,9
288169,AR,17,10
288170,AR,17,11
288171,AR,17,12
288172,AR,17,13
288173,AR,17,14
288162,AR,17,3
288163,AR,17,4
288164,AR,17,5
288165,AR,17,6
288166,AR,17,7
288167,AR,17,8
288168,AR,17,9
288181,AR,18,10
288182,AR,18,11
288183,AR,18,12
288184,AR,18,13
288185,AR,18,14
288174,AR,18,3
288175,AR,18,4
288176,AR,18,5
288177,AR,18,6
288178,AR,18,7
288179,AR,18,8
288180,AR,18,9
288193,AR,19,10
288194,AR,19,11
288195,AR,19,12
288196,AR,19,13
288197,AR,19,14
288186,AR,19,3
288187,AR,19,4
288188,AR,19,5
288189,AR,19,6
288190,AR,19,7
288191,AR,19,8
288192,AR,19,9
287899,AR,2,1
287908,AR,2,10
287909,AR,2,11
287910,AR,2,12
287911,AR,2,13
287912,AR,2,14
287900,AR,2,2
287901,AR,2,3
287902,AR,2,4
287903,AR,2,5
287904,AR,2,6
287905,AR,2,7
287906,AR,2,8
287907,AR,2,9
288302,AR,20,10
288303,AR,20,11
288304,AR,20,12
288305,AR,20,13
288306,AR,20,14
288295,AR,20,3
288296,AR,20,4
288297,AR,20,5
288298,AR,20,6
288299,AR,20,7
288300,AR,20,8
288301,AR,20,9
287991,AR,3,1
288000,AR,3,10
288001,AR,3,11
288002,AR,3,12
288003,AR,3,13
288004,AR,3,14
287992,AR,3,2
287993,AR,3,3
287994,AR,3,4
287995,AR,3,5
287996,AR,3,6
287997,AR,3,7
287998,AR,3,8
287999,AR,3,9
288005,AR,4,1
288013,AR,4,10
288014,AR,4,11
288015,AR,4,12
288016,AR,4,13
288017,AR,4,14
288006,AR,4,3
288007,AR,4,4
288008,AR,4,5
288009,AR,4,6
288010,AR,4,7
288011,AR,4,8
288012,AR,4,9
288025,AR,5,10
288026,AR,5,11
288027,AR,5,12
288028,AR,5,13
288029,AR,5,14
288018,AR,5,3
288019,AR,5,4
288020,AR,5,5
288021,AR,5,6
288022,AR,5,7
288023,AR,5,8
288024,AR,5,9
288037,AR,6,10
288038,AR,6,11
288039,AR,6,12
288040,AR,6,13
288041,AR,6,14
288030,AR,6,3
288031,AR,6,4
288032,AR,6,5
288033,AR,6,6
288034,AR,6,7
288035,AR,6,8
288036,AR,6,9
288049,AR,7,10
288050,AR,7,11
288051,AR,7,12
288052,AR,7,13
288053,AR,7,14
288042,AR,7,3
288043,AR,7,4
288044,AR,7,5
288045,AR,7,6
288046,AR,7,7
288047,AR,7,8
288048,AR,7,9
288061,AR,8,10
288062,AR,8,11
288063,AR,8,12
288064,AR,8,13
288065,AR,8,14
288054,AR,8,3
288055,AR,8,4
288056,AR,8,5
288057,AR,8,6
288058,AR,8,7
288059,AR,8,8
288060,AR,8,9
288073,AR,9,10
288074,AR,9,11
288075,AR,9,12
288076,AR,9,13
288077,AR,9,14
288066,AR,9,3
288067,AR,9,4
288068,AR,9,5
288069,AR,9,6
288070,AR,9,7
288071,AR,9,8
288072,AR,9,9
178583,B,0,10
178584,B,0,11
178585,B,0,12
178586,B,0,13
178587,B,0,14
178588,B,0,15
178589,B,0,16
178590,B,0,17
178591,B,0,18
178592,B,0,19
178593,B,0,20
178594,B,0,21
178595,B,0,22
178596,B,0,23
178597,B,0,24
178598,B,0,25
178599,B,0,26
178600,B,0,27
178601,B,0,28
178602,B,0,29
178576,B,0,3
178603,B,0,30
204260,B,0,31
188115,B,0,32
204261,B,0,33
188116,B,0,34
204262,B,0,35
188117,B,0,36
204263,B,0,37
188118,B,0,38
204264,B,0,39
178577,B,0,4
188119,B,0,40
204265,B,0,41
188120,B,0,42
204266,B,0,43
188121,B,0,44
204267,B,0,45
188122,B,0,46
204268,B,0,47
188123,B,0,48
204269,B,0,49
178578,B,0,5
188124,B,0,50
204270,B,0,51
188125,B,0,52
204271,B,0,53
188126,B,0,54
204272,B,0,55
188127,B,0,56
204273,B,0,57
188128,B,0,58
204274,B,0,59
178579,B,0,6
188129,B,0,60
204290,B,0,61
204275,B,0,62
204276,B,0,63
204277,B,0,64
204278,B,0,65
204279,B,0,66
204280,B,0,67
204281,B,0,68
204282,B,0,69
178580,B,0,7
204283,B,0,70
204284,B,0,71
204285,B,0,72
204286,B,0,73
204287,B,0,74
204288,B,0,75
204289,B,0,76
178581,B,0,8
178582,B,0,9
178605,B,1,1
178614,B,1,10
178615,B,1,11
178616,B,1,12
178617,B,1,13
178618,B,1,14
178619,B,1,15
178620,B,1,16
178621,B,1,17
178622,B,1,18
178623,B,1,19
178606,B,1,2
178624,B,1,20
178625,B,1,21
178626,B,1,22
178627,B,1,23
178628,B,1,24
178629,B,1,25
178630,B,1,26
178631,B,1,27
178632,B,1,28
178633,B,1,29
178607,B,1,3
178634,B,1,30
178635,B,1,31
178636,B,1,32
178637,B,1,33
178638,B,1,34
178639,B,1,35
178640,B,1,36
178641,B,1,37
178642,B,1,38
178643,B,1,39
178608,B,1,4
178644,B,1,40
178656,B,1,41
178657,B,1,42
178658,B,1,43
178659,B,1,44
178660,B,1,45
178661,B,1,46
178662,B,1,47
178663,B,1,48
178664,B,1,49
178609,B,1,5
178645,B,1,50
178646,B,1,51
178647,B,1,52
178648,B,1,53
178649,B,1,54
178650,B,1,55
178651,B,1,56
178652,B,1,57
178653,B,1,58
178654,B,1,59
178610,B,1,6
178655,B,1,60
178611,B,1,7
178612,B,1,8
178613,B,1,9
180060,B,10,1
180069,B,10,10
180070,B,10,11
180071,B,10,12
180072,B,10,13
180073,B,10,14
180074,B,10,15
180075,B,10,16
180076,B,10,17
180077,B,10,18
180078,B,10,19
180061,B,10,2
180079,B,10,20
180080,B,10,21
180081,B,10,22
180082,B,10,23
180083,B,10,24
180084,B,10,25
180085,B,10,26
180086,B,10,27
180087,B,10,28
180088,B,10,29
180062,B,10,3
180089,B,10,30
180090,B,10,31
180091,B,10,32
180092,B,10,33
180093,B,10,34
180094,B,10,35
180095,B,10,36
180096,B,10,37
180097,B,10,38
180098,B,10,39
180063,B,10,4
180099,B,10,40
180100,B,10,41
180101,B,10,42
180102,B,10,43
180103,B,10,44
180104,B,10,45
180105,B,10,46
180106,B,10,47
180107,B,10,48
180108,B,10,49
180064,B,10,5
180109,B,10,50
180110,B,10,51
180111,B,10,52
180112,B,10,53
180113,B,10,54
180114,B,10,55
180115,B,10,56
180116,B,10,57
180117,B,10,58
180118,B,10,59
180065,B,10,6
180119,B,10,60
180066,B,10,7
180067,B,10,8
180068,B,10,9
180120,B,11,1
180129,B,11,10
180130,B,11,11
180131,B,11,12
180132,B,11,13
180133,B,11,14
180134,B,11,15
180135,B,11,16
180136,B,11,17
180137,B,11,18
180138,B,11,19
180121,B,11,2
180139,B,11,20
180140,B,11,21
180141,B,11,22
180142,B,11,23
180143,B,11,24
180144,B,11,25
180145,B,11,26
180146,B,11,27
180147,B,11,28
180148,B,11,29
180122,B,11,3
180149,B,11,30
180150,B,11,31
180151,B,11,32
180152,B,11,33
180153,B,11,34
180154,B,11,35
180155,B,11,36
180156,B,11,37
180157,B,11,38
180158,B,11,39
180123,B,11,4
180159,B,11,40
180160,B,11,41
180161,B,11,42
180162,B,11,43
180163,B,11,44
180164,B,11,45
180165,B,11,46
180166,B,11,47
180167,B,11,48
180168,B,11,49
180124,B,11,5
180169,B,11,50
180170,B,11,51
180171,B,11,52
180172,B,11,53
180173,B,11,54
180174,B,11,55
180175,B,11,56
180176,B,11,57
180177,B,11,58
180178,B,11,59
180125,B,11,6
180179,B,11,60
180126,B,11,7
180127,B,11,8
180128,B,11,9
174764,B,12,1
174773,B,12,10
174774,B,12,11
174775,B,12,12
174776,B,12,13
174777,B,12,14
174778,B,12,15
174779,B,12,16
174780,B,12,17
174781,B,12,18
174782,B,12,19
174765,B,12,2
174783,B,12,20
174784,B,12,21
174785,B,12,22
174786,B,12,23
174787,B,12,24
174788,B,12,25
174789,B,12,26
174790,B,12,27
174791,B,12,28
174792,B,12,29
174766,B,12,3
174793,B,12,30
174794,B,12,31
174795,B,12,32
174796,B,12,33
174797,B,12,34
174798,B,12,35
174799,B,12,36
174800,B,12,37
174801,B,12,38
174802,B,12,39
174767,B,12,4
174803,B,12,40
174804,B,12,41
174805,B,12,42
174806,B,12,43
174807,B,12,44
174808,B,12,45
174809,B,12,46
174810,B,12,47
174811,B,12,48
174812,B,12,49
174768,B,12,5
174813,B,12,50
174814,B,12,51
174815,B,12,52
174816,B,12,53
174817,B,12,54
174818,B,12,55
174819,B,12,56
174820,B,12,57
174821,B,12,58
174822,B,12,59
174769,B,12,6
174823,B,12,60
174770,B,12,7
174771,B,12,8
174772,B,12,9
174824,B,13,1
174833,B,13,10
174834,B,13,11
174835,B,13,12
174836,B,13,13
174837,B,13,14
174838,B,13,15
174839,B,13,16
174840,B,13,17
174841,B,13,18
174842,B,13,19
174825,B,13,2
174843,B,13,20
174844,B,13,21
174845,B,13,22
174846,B,13,23
174847,B,13,24
174848,B,13,25
174849,B,13,26
174850,B,13,27
174851,B,13,28
174852,B,13,29
174826,B,13,3
174853,B,13,30
174854,B,13,31
174855,B,13,32
174856,B,13,33
174857,B,13,34
174858,B,13,35
174859,B,13,36
174860,B,13,37
174861,B,13,38
174862,B,13,39
174827,B,13,4
174863,B,13,40
174915,B,13,41
174916,B,13,42
174918,B,13,43
174919,B,13,44
174920,B,13,45
174922,B,13,46
174923,B,13,47
174924,B,13,48
174926,B,13,49
174828,B,13,5
174927,B,13,50
174928,B,13,51
174929,B,13,52
174931,B,13,53
174932,B,13,54
174933,B,13,55
174934,B,13,56
174935,B,13,57
174936,B,13,58
174937,B,13,59
174829,B,13,6
174938,B,13,60
174830,B,13,7
174831,B,13,8
174832,B,13,9
174944,B,14,1
174953,B,14,10
174954,B,14,11
174955,B,14,12
174956,B,14,13
174957,B,14,14
174958,B,14,15
174959,B,14,16
174960,B,14,17
174961,B,14,18
174962,B,14,19
174945,B,14,2
174963,B,14,20
174972,B,14,21
174973,B,14,22
174974,B,14,23
174975,B,14,24
174976,B,14,25
174977,B,14,26
174978,B,14,27
174979,B,14,28
174980,B,14,29
174946,B,14,3
174981,B,14,30
174982,B,14,31
174983,B,14,32
174984,B,14,33
174985,B,14,34
174986,B,14,35
174987,B,14,36
174988,B,14,37
174989,B,14,38
174990,B,14,39
174947,B,14,4
174991,B,14,40
174992,B,14,41
174993,B,14,42
174994,B,14,43
174995,B,14,44
174996,B,14,45
174997,B,14,46
174998,B,14,47
174999,B,14,48
175000,B,14,49
174948,B,14,5
175001,B,14,50
175002,B,14,51
175003,B,14,52
175004,B,14,53
175005,B,14,54
175006,B,14,55
175007,B,14,56
175008,B,14,57
175009,B,14,58
175010,B,14,59
174949,B,14,6
175011,B,14,60
174950,B,14,7
174951,B,14,8
174952,B,14,9
175012,B,15,1
175021,B,15,10
175022,B,15,11
175023,B,15,12
175024,B,15,13
175025,B,15,14
175026,B,15,15
175027,B,15,16
175028,B,15,17
175029,B,15,18
175030,B,15,19
175013,B,15,2
175031,B,15,20
175032,B,15,21
175033,B,15,22
175034,B,15,23
175035,B,15,24
175036,B,15,25
175037,B,15,26
175038,B,15,27
175039,B,15,28
175040,B,15,29
175014,B,15,3
175041,B,15,30
175042,B,15,31
175043,B,15,32
175044,B,15,33
175045,B,15,34
175046,B,15,35
175047,B,15,36
175048,B,15,37
175049,B,15,38
175050,B,15,39
175015,B,15,4
175051,B,15,40
175052,B,15,41
175053,B,15,42
175054,B,15,43
175055,B,15,44
175056,B,15,45
175057,B,15,46
175058,B,15,47
175059,B,15,48
175060,B,15,49
175016,B,15,5
175061,B,15,50
175062,B,15,51
175063,B,15,52
175064,B,15,53
175065,B,15,54
175066,B,15,55
175067,B,15,56
175068,B,15,57
175069,B,15,58
175070,B,15,59
175017,B,15,6
175071,B,15,60
175018,B,15,7
175019,B,15,8
175020,B,15,9
175072,B,16,1
175081,B,16,10
175082,B,16,11
175083,B,16,12
175084,B,16,13
175085,B,16,14
175086,B,16,15
175087,B,16,16
175088,B,16,17
175089,B,16,18
175090,B,16,19
175073,B,16,2
175091,B,16,20
175092,B,16,21
175093,B,16,22
175094,B,16,23
175095,B,16,24
175096,B,16,25
175097,B,16,26
175098,B,16,27
175099,B,16,28
175100,B,16,29
175074,B,16,3
175101,B,16,30
175102,B,16,31
175103,B,16,32
175104,B,16,33
175105,B,16,34
175106,B,16,35
175107,B,16,36
175108,B,16,37
175109,B,16,38
175110,B,16,39
175075,B,16,4
175111,B,16,40
175112,B,16,41
175113,B,16,42
175114,B,16,43
175115,B,16,44
175116,B,16,45
175117,B,16,46
175118,B,16,47
175119,B,16,48
175120,B,16,49
175076,B,16,5
175121,B,16,50
175122,B,16,51
175123,B,16,52
175124,B,16,53
175125,B,16,54
175126,B,16,55
175127,B,16,56
175128,B,16,57
175129,B,16,58
175130,B,16,59
175077,B,16,6
175131,B,16,60
175078,B,16,7
175079,B,16,8
175080,B,16,9
180433,B,17,1
180442,B,17,10
180443,B,17,11
180444,B,17,12
180445,B,17,13
180446,B,17,14
180447,B,17,15
180448,B,17,16
180449,B,17,17
180450,B,17,18
180451,B,17,19
180434,B,17,2
180452,B,17,20
180453,B,17,21
180454,B,17,22
180455,B,17,23
180456,B,17,24
180457,B,17,25
180458,B,17,26
180459,B,17,27
180460,B,17,28
180461,B,17,29
180435,B,17,3
180462,B,17,30
180463,B,17,31
180464,B,17,32
180465,B,17,33
180466,B,17,34
180467,B,17,35
180468,B,17,36
180469,B,17,37
180470,B,17,38
180471,B,17,39
180436,B,17,4
180472,B,17,40
180473,B,17,41
180474,B,17,42
180475,B,17,43
180476,B,17,44
180477,B,17,45
180478,B,17,46
180479,B,17,47
180480,B,17,48
180481,B,17,49
180437,B,17,5
180482,B,17,50
180483,B,17,51
180484,B,17,52
180485,B,17,53
180486,B,17,54
180487,B,17,55
180488,B,17,56
180489,B,17,57
180490,B,17,58
180491,B,17,59
180438,B,17,6
180492,B,17,60
180439,B,17,7
180440,B,17,8
180441,B,17,9
180493,B,18,1
180502,B,18,10
180503,B,18,11
180504,B,18,12
180505,B,18,13
180506,B,18,14
180507,B,18,15
180508,B,18,16
180509,B,18,17
180510,B,18,18
180511,B,18,19
180494,B,18,2
180512,B,18,20
180513,B,18,21
180514,B,18,22
180515,B,18,23
180516,B,18,24
180517,B,18,25
180518,B,18,26
180519,B,18,27
180520,B,18,28
180521,B,18,29
180495,B,18,3
180522,B,18,30
180523,B,18,31
180524,B,18,32
180525,B,18,33
180526,B,18,34
180527,B,18,35
180528,B,18,36
180529,B,18,37
180530,B,18,38
180531,B,18,39
180496,B,18,4
180532,B,18,40
180533,B,18,41
180534,B,18,42
180535,B,18,43
180536,B,18,44
180537,B,18,45
180538,B,18,46
180539,B,18,47
180540,B,18,48
180541,B,18,49
180497,B,18,5
180542,B,18,50
180543,B,18,51
180544,B,18,52
180545,B,18,53
180546,B,18,54
180547,B,18,55
180548,B,18,56
180549,B,18,57
180550,B,18,58
180551,B,18,59
180498,B,18,6
180552,B,18,60
180499,B,18,7
180500,B,18,8
180501,B,18,9
180553,B,19,1
180562,B,19,10
180563,B,19,11
180564,B,19,12
180565,B,19,13
180566,B,19,14
180567,B,19,15
180568,B,19,16
180569,B,19,17
180570,B,19,18
180571,B,19,19
180554,B,19,2
180572,B,19,20
180573,B,19,21
180574,B,19,22
180575,B,19,23
180576,B,19,24
180577,B,19,25
180578,B,19,26
180579,B,19,27
180580,B,19,28
180581,B,19,29
180555,B,19,3
180582,B,19,30
180583,B,19,31
180584,B,19,32
180585,B,19,33
180586,B,19,34
180587,B,19,35
180588,B,19,36
180589,B,19,37
180590,B,19,38
180591,B,19,39
180556,B,19,4
180592,B,19,40
180593,B,19,41
180594,B,19,42
180595,B,19,43
180596,B,19,44
180597,B,19,45
180598,B,19,46
180599,B,19,47
180600,B,19,48
180601,B,19,49
180557,B,19,5
180602,B,19,50
180603,B,19,51
180604,B,19,52
180605,B,19,53
180606,B,19,54
180607,B,19,55
180608,B,19,56
180609,B,19,57
180610,B,19,58
180611,B,19,59
180558,B,19,6
180612,B,19,60
180559,B,19,7
180560,B,19,8
180561,B,19,9
179174,B,2,1
179183,B,2,10
179184,B,2,11
179185,B,2,12
179186,B,2,13
179187,B,2,14
179188,B,2,15
179189,B,2,16
179190,B,2,17
179191,B,2,18
179192,B,2,19
179175,B,2,2
179193,B,2,20
179194,B,2,21
179195,B,2,22
179196,B,2,23
179197,B,2,24
179198,B,2,25
179199,B,2,26
179200,B,2,27
179201,B,2,28
179202,B,2,29
179176,B,2,3
179203,B,2,30
179204,B,2,31
179205,B,2,32
179206,B,2,33
179207,B,2,34
179208,B,2,35
179209,B,2,36
179210,B,2,37
179211,B,2,38
179212,B,2,39
179177,B,2,4
179213,B,2,40
179214,B,2,41
179215,B,2,42
179216,B,2,43
179217,B,2,44
179218,B,2,45
179219,B,2,46
179220,B,2,47
179221,B,2,48
179222,B,2,49
179178,B,2,5
179223,B,2,50
179224,B,2,51
179225,B,2,52
179226,B,2,53
179227,B,2,54
179228,B,2,55
179229,B,2,56
179230,B,2,57
179231,B,2,58
179232,B,2,59
179179,B,2,6
179233,B,2,60
179180,B,2,7
179181,B,2,8
179182,B,2,9
180613,B,20,1
180622,B,20,10
180623,B,20,11
180624,B,20,12
180625,B,20,13
180626,B,20,14
180627,B,20,15
180628,B,20,16
180629,B,20,17
180630,B,20,18
180631,B,20,19
180614,B,20,2
180632,B,20,20
180633,B,20,21
180634,B,20,22
180635,B,20,23
180636,B,20,24
180637,B,20,25
180638,B,20,26
180639,B,20,27
180640,B,20,28
180641,B,20,29
180615,B,20,3
180642,B,20,30
180643,B,20,31
180644,B,20,32
180645,B,20,33
180646,B,20,34
180647,B,20,35
180648,B,20,36
180649,B,20,37
180650,B,20,38
180651,B,20,39
180616,B,20,4
180652,B,20,40
180653,B,20,41
180654,B,20,42
180655,B,20,43
180656,B,20,44
180657,B,20,45
180658,B,20,46
180659,B,20,47
180660,B,20,48
180661,B,20,49
180617,B,20,5
180662,B,20,50
180663,B,20,51
180664,B,20,52
180665,B,20,53
180666,B,20,54
180667,B,20,55
180668,B,20,56
180669,B,20,57
180670,B,20,58
180671,B,20,59
180618,B,20,6
180672,B,20,60
180619,B,20,7
180620,B,20,8
180621,B,20,9
179234,B,3,1
179243,B,3,10
179244,B,3,11
179245,B,3,12
179246,B,3,13
179247,B,3,14
179248,B,3,15
179249,B,3,16
179250,B,3,17
179251,B,3,18
179252,B,3,19
179235,B,3,2
179253,B,3,20
179254,B,3,21
179255,B,3,22
179256,B,3,23
179257,B,3,24
179258,B,3,25
179259,B,3,26
179260,B,3,27
179261,B,3,28
179262,B,3,29
179236,B,3,3
179263,B,3,30
179264,B,3,31
179265,B,3,32
179266,B,3,33
179267,B,3,34
179268,B,3,35
179269,B,3,36
179270,B,3,37
179271,B,3,38
179272,B,3,39
179237,B,3,4
179273,B,3,40
179274,B,3,41
179275,B,3,42
179276,B,3,43
179277,B,3,44
179278,B,3,45
179279,B,3,46
179280,B,3,47
179281,B,3,48
179282,B,3,49
179238,B,3,5
179283,B,3,50
179284,B,3,51
179285,B,3,52
179286,B,3,53
179287,B,3,54
179288,B,3,55
179289,B,3,56
179290,B,3,57
179291,B,3,58
179292,B,3,59
179239,B,3,6
179293,B,3,60
179240,B,3,7
179241,B,3,8
179242,B,3,9
179294,B,4,1
179303,B,4,10
179304,B,4,11
179305,B,4,12
179306,B,4,13
179307,B,4,14
179308,B,4,15
179309,B,4,16
179310,B,4,17
179311,B,4,18
179312,B,4,19
179295,B,4,2
179313,B,4,20
179314,B,4,21
179315,B,4,22
179316,B,4,23
179317,B,4,24
179318,B,4,25
179319,B,4,26
179320,B,4,27
179321,B,4,28
179322,B,4,29
179296,B,4,3
179323,B,4,30
179324,B,4,31
179325,B,4,32
179326,B,4,33
179327,B,4,34
179328,B,4,35
179329,B,4,36
179330,B,4,37
179331,B,4,38
179332,B,4,39
179297,B,4,4
179333,B,4,40
179334,B,4,41
179335,B,4,42
179336,B,4,43
179337,B,4,44
179338,B,4,45
179339,B,4,46
179340,B,4,47
179341,B,4,48
179342,B,4,49
179298,B,4,5
179343,B,4,50
179344,B,4,51
179345,B,4,52
179346,B,4,53
179347,B,4,54
179348,B,4,55
179349,B,4,56
179350,B,4,57
179351,B,4,58
179352,B,4,59
179299,B,4,6
179353,B,4,60
179300,B,4,7
179301,B,4,8
179302,B,4,9
179354,B,5,1
179363,B,5,10
179364,B,5,11
179365,B,5,12
179366,B,5,13
179367,B,5,14
179368,B,5,15
179369,B,5,16
179370,B,5,17
179371,B,5,18
179372,B,5,19
179355,B,5,2
179373,B,5,20
179374,B,5,21
179375,B,5,22
179376,B,5,23
179377,B,5,24
179378,B,5,25
179379,B,5,26
179380,B,5,27
179381,B,5,28
179382,B,5,29
179356,B,5,3
179383,B,5,30
179384,B,5,31
179385,B,5,32
179386,B,5,33
179387,B,5,34
179388,B,5,35
179389,B,5,36
179390,B,5,37
179391,B,5,38
179392,B,5,39
179357,B,5,4
179393,B,5,40
179394,B,5,41
179395,B,5,42
179396,B,5,43
179397,B,5,44
179398,B,5,45
179399,B,5,46
179400,B,5,47
179401,B,5,48
179402,B,5,49
179358,B,5,5
179403,B,5,50
179404,B,5,51
179405,B,5,52
179406,B,5,53
179407,B,5,54
179408,B,5,55
179409,B,5,56
179410,B,5,57
179411,B,5,58
179412,B,5,59
179359,B,5,6
179413,B,5,60
179360,B,5,7
179361,B,5,8
179362,B,5,9
179414,B,6,1
179423,B,6,10
179424,B,6,11
179425,B,6,12
179426,B,6,13
179427,B,6,14
179428,B,6,15
179429,B,6,16
179430,B,6,17
179431,B,6,18
179432,B,6,19
179415,B,6,2
179433,B,6,20
179434,B,6,21
179435,B,6,22
179436,B,6,23
179437,B,6,24
179438,B,6,25
179439,B,6,26
179440,B,6,27
179441,B,6,28
179442,B,6,29
179416,B,6,3
179443,B,6,30
179444,B,6,31
179445,B,6,32
179446,B,6,33
179447,B,6,34
179448,B,6,35
179449,B,6,36
179450,B,6,37
179451,B,6,38
179452,B,6,39
179417,B,6,4
179453,B,6,40
179454,B,6,41
179455,B,6,42
179456,B,6,43
179457,B,6,44
179458,B,6,45
179459,B,6,46
179460,B,6,47
179461,B,6,48
179462,B,6,49
179418,B,6,5
179463,B,6,50
179464,B,6,51
179465,B,6,52
179466,B,6,53
179467,B,6,54
179468,B,6,55
179469,B,6,56
179470,B,6,57
179471,B,6,58
179472,B,6,59
179419,B,6,6
179473,B,6,60
179420,B,6,7
179421,B,6,8
179422,B,6,9
179474,B,7,1
179483,B,7,10
179484,B,7,11
179485,B,7,12
179486,B,7,13
179487,B,7,14
179488,B,7,15
179489,B,7,16
179490,B,7,17
179491,B,7,18
179492,B,7,19
179475,B,7,2
179493,B,7,20
179494,B,7,21
179495,B,7,22
179496,B,7,23
179497,B,7,24
179498,B,7,25
179499,B,7,26
179500,B,7,27
179501,B,7,28
179502,B,7,29
179476,B,7,3
179503,B,7,30
179504,B,7,31
179505,B,7,32
179506,B,7,33
179507,B,7,34
179508,B,7,35
179509,B,7,36
179510,B,7,37
179511,B,7,38
179512,B,7,39
179477,B,7,4
179513,B,7,40
179514,B,7,41
179515,B,7,42
179516,B,7,43
179517,B,7,44
179518,B,7,45
179519,B,7,46
179520,B,7,47
179521,B,7,48
179522,B,7,49
179478,B,7,5
179523,B,7,50
179524,B,7,51
179525,B,7,52
179526,B,7,53
179527,B,7,54
179528,B,7,55
179529,B,7,56
179530,B,7,57
179531,B,7,58
179532,B,7,59
179479,B,7,6
179533,B,7,60
179480,B,7,7
179481,B,7,8
179482,B,7,9
179940,B,8,1
179949,B,8,10
179950,B,8,11
179951,B,8,12
179952,B,8,13
179953,B,8,14
179954,B,8,15
179955,B,8,16
179956,B,8,17
179957,B,8,18
179958,B,8,19
179941,B,8,2
179959,B,8,20
179960,B,8,21
179961,B,8,22
179962,B,8,23
179963,B,8,24
179964,B,8,25
179965,B,8,26
179966,B,8,27
179967,B,8,28
179968,B,8,29
179942,B,8,3
179969,B,8,30
179970,B,8,31
179971,B,8,32
179972,B,8,33
179973,B,8,34
179974,B,8,35
179975,B,8,36
179976,B,8,37
179977,B,8,38
179978,B,8,39
179943,B,8,4
179979,B,8,40
179980,B,8,41
179981,B,8,42
179982,B,8,43
179983,B,8,44
179984,B,8,45
179985,B,8,46
179986,B,8,47
179987,B,8,48
179988,B,8,49
179944,B,8,5
179989,B,8,50
179990,B,8,51
179991,B,8,52
179992,B,8,53
179993,B,8,54
179994,B,8,55
179995,B,8,56
179996,B,8,57
179997,B,8,58
179998,B,8,59
179945,B,8,6
179999,B,8,60
179946,B,8,7
179947,B,8,8
179948,B,8,9
180000,B,9,1
180009,B,9,10
180010,B,9,11
180011,B,9,12
180012,B,9,13
180013,B,9,14
180014,B,9,15
180015,B,9,16
180016,B,9,17
180017,B,9,18
180018,B,9,19
180001,B,9,2
180019,B,9,20
180020,B,9,21
180021,B,9,22
180022,B,9,23
180023,B,9,24
180024,B,9,25
180025,B,9,26
180026,B,9,27
180027,B,9,28
180028,B,9,29
180002,B,9,3
180029,B,9,30
180030,B,9,31
180031,B,9,32
180032,B,9,33
180033,B,9,34
180034,B,9,35
180035,B,9,36
180036,B,9,37
180037,B,9,38
180038,B,9,39
180003,B,9,4
180039,B,9,40
180040,B,9,41
180041,B,9,42
180042,B,9,43
180043,B,9,44
180044,B,9,45
180045,B,9,46
180046,B,9,47
180047,B,9,48
180048,B,9,49
180004,B,9,5
180049,B,9,50
180050,B,9,51
180051,B,9,52
180052,B,9,53
180053,B,9,54
180054,B,9,55
180055,B,9,56
180056,B,9,57
180057,B,9,58
180058,B,9,59
180005,B,9,6
180059,B,9,60
180006,B,9,7
180007,B,9,8
180008,B,9,9
180673,C,0,1
180682,C,0,10
180683,C,0,11
180684,C,0,12
180685,C,0,13
180686,C,0,14
180687,C,0,15
180688,C,0,16
180689,C,0,17
180690,C,0,18
180691,C,0,19
180674,C,0,2
180692,C,0,20
180693,C,0,21
180694,C,0,22
180695,C,0,23
180696,C,0,24
180697,C,0,25
180698,C,0,26
180699,C,0,27
180700,C,0,28
180701,C,0,29
180675,C,0,3
180702,C,0,30
180703,C,0,31
180704,C,0,32
180705,C,0,33
180706,C,0,34
180707,C,0,35
180708,C,0,36
180709,C,0,37
180710,C,0,38
180711,C,0,39
180676,C,0,4
180712,C,0,40
180713,C,0,41
180714,C,0,42
180715,C,0,43
180716,C,0,44
180717,C,0,45
180718,C,0,46
180719,C,0,47
180720,C,0,48
180721,C,0,49
180677,C,0,5
180722,C,0,50
180723,C,0,51
180724,C,0,52
180725,C,0,53
180726,C,0,54
180727,C,0,55
180728,C,0,56
180729,C,0,57
180730,C,0,58
180731,C,0,59
180678,C,0,6
180732,C,0,60
180679,C,0,7
180680,C,0,8
180681,C,0,9
180733,C,1,1
180742,C,1,10
180743,C,1,11
180744,C,1,12
180745,C,1,13
180746,C,1,14
180747,C,1,15
180748,C,1,16
180749,C,1,17
180750,C,1,18
180751,C,1,19
180734,C,1,2
180752,C,1,20
180753,C,1,21
180754,C,1,22
180755,C,1,23
180756,C,1,24
180757,C,1,25
180758,C,1,26
180759,C,1,27
180760,C,1,28
180761,C,1,29
180735,C,1,3
180762,C,1,30
180763,C,1,31
180764,C,1,32
180765,C,1,33
180766,C,1,34
180767,C,1,35
180768,C,1,36
180769,C,1,37
180770,C,1,38
180771,C,1,39
180736,C,1,4
180772,C,1,40
180773,C,1,41
180774,C,1,42
180775,C,1,43
180776,C,1,44
180777,C,1,45
180778,C,1,46
180779,C,1,47
180780,C,1,48
180781,C,1,49
180737,C,1,5
180782,C,1,50
180783,C,1,51
180784,C,1,52
180785,C,1,53
180786,C,1,54
180787,C,1,55
180788,C,1,56
180789,C,1,57
180790,C,1,58
180791,C,1,59
180738,C,1,6
180792,C,1,60
180739,C,1,7
180740,C,1,8
180741,C,1,9
174864,C,10,1
174873,C,10,10
174874,C,10,11
174875,C,10,12
174876,C,10,13
174877,C,10,14
174878,C,10,15
174879,C,10,16
174880,C,10,17
174881,C,10,18
174882,C,10,19
174865,C,10,2
174883,C,10,20
174884,C,10,21
174885,C,10,22
174886,C,10,23
174887,C,10,24
174888,C,10,25
174889,C,10,26
174890,C,10,27
174891,C,10,28
174892,C,10,29
174866,C,10,3
174893,C,10,30
174894,C,10,31
174895,C,10,32
174896,C,10,33
174897,C,10,34
174898,C,10,35
174899,C,10,36
174900,C,10,37
174901,C,10,38
174902,C,10,39
174867,C,10,4
174903,C,10,40
174904,C,10,41
174905,C,10,42
174907,C,10,44
174909,C,10,46
174911,C,10,48
174868,C,10,5
174913,C,10,50
174917,C,10,52
174925,C,10,54
174939,C,10,56
174869,C,10,6
174870,C,10,7
174871,C,10,8
174872,C,10,9
176105,C,11,1
176114,C,11,10
176115,C,11,11
176116,C,11,12
176117,C,11,13
176118,C,11,14
176119,C,11,15
176120,C,11,16
176121,C,11,17
176122,C,11,18
176123,C,11,19
176106,C,11,2
176124,C,11,20
176125,C,11,21
176126,C,11,22
176127,C,11,23
176128,C,11,24
176129,C,11,25
176130,C,11,26
176131,C,11,27
176132,C,11,28
176133,C,11,29
176107,C,11,3
176134,C,11,30
176135,C,11,31
176136,C,11,32
176137,C,11,33
176138,C,11,34
176139,C,11,35
176140,C,11,36
176141,C,11,37
176142,C,11,38
176143,C,11,39
176108,C,11,4
176144,C,11,40
176145,C,11,41
176146,C,11,42
176147,C,11,43
176148,C,11,44
176149,C,11,45
176150,C,11,46
176151,C,11,47
176152,C,11,48
176153,C,11,49
176109,C,11,5
176154,C,11,50
176155,C,11,51
176156,C,11,52
176157,C,11,53
176158,C,11,54
176159,C,11,55
176160,C,11,56
176161,C,11,57
176162,C,11,58
176110,C,11,6
176111,C,11,7
176112,C,11,8
176113,C,11,9
176179,C,12,1
176188,C,12,10
176190,C,12,11
176191,C,12,12
176192,C,12,13
176193,C,12,14
176194,C,12,15
176195,C,12,16
176196,C,12,17
176197,C,12,18
176198,C,12,19
176180,C,12,2
176199,C,12,20
176200,C,12,21
176201,C,12,22
176202,C,12,23
176203,C,12,24
176204,C,12,25
176205,C,12,26
176206,C,12,27
176207,C,12,28
176208,C,12,29
176181,C,12,3
176209,C,12,30
176211,C,12,31
176212,C,12,32
176213,C,12,33
176214,C,12,34
176215,C,12,35
176216,C,12,36
176217,C,12,37
176218,C,12,38
176219,C,12,39
176182,C,12,4
176220,C,12,40
176221,C,12,41
176222,C,12,42
176223,C,12,43
176224,C,12,44
176225,C,12,45
176227,C,12,46
176228,C,12,47
176229,C,12,48
176230,C,12,49
176183,C,12,5
176231,C,12,50
176232,C,12,51
176233,C,12,52
176234,C,12,53
176235,C,12,54
176236,C,12,55
176237,C,12,56
176238,C,12,57
176239,C,12,58
176240,C,12,59
176184,C,12,6
176241,C,12,60
176185,C,12,7
176186,C,12,8
176187,C,12,9
176255,C,13,1
176264,C,13,10
176265,C,13,11
176266,C,13,12
176267,C,13,13
176268,C,13,14
176269,C,13,15
176270,C,13,16
176271,C,13,17
176272,C,13,18
176273,C,13,19
176256,C,13,2
176274,C,13,20
176275,C,13,21
176276,C,13,22
176277,C,13,23
176278,C,13,24
176279,C,13,25
176280,C,13,26
176281,C,13,27
176282,C,13,28
176283,C,13,29
176257,C,13,3
176284,C,13,30
176285,C,13,31
176286,C,13,32
176287,C,13,33
176288,C,13,34
176289,C,13,35
176290,C,13,36
176291,C,13,37
176292,C,13,38
176293,C,13,39
176258,C,13,4
176294,C,13,40
176295,C,13,41
176296,C,13,42
176297,C,13,43
176298,C,13,44
176299,C,13,45
176300,C,13,46
176301,C,13,47
176302,C,13,48
176303,C,13,49
176259,C,13,5
176304,C,13,50
176305,C,13,51
176306,C,13,52
176307,C,13,53
176308,C,13,54
176309,C,13,55
176310,C,13,56
176311,C,13,57
176312,C,13,58
176313,C,13,59
176260,C,13,6
176314,C,13,60
176261,C,13,7
176262,C,13,8
176263,C,13,9
174964,C,14,1
175133,C,14,10
175134,C,14,11
175135,C,14,12
175136,C,14,13
175137,C,14,14
175138,C,14,15
175139,C,14,16
175140,C,14,17
175141,C,14,18
175142,C,14,19
174965,C,14,2
175143,C,14,20
175144,C,14,21
175145,C,14,22
175146,C,14,23
175147,C,14,24
175148,C,14,25
175149,C,14,26
175150,C,14,27
175151,C,14,28
175152,C,14,29
174966,C,14,3
175153,C,14,30
175154,C,14,31
175155,C,14,32
175156,C,14,33
175157,C,14,34
175158,C,14,35
175159,C,14,36
175160,C,14,37
175161,C,14,38
175162,C,14,39
174967,C,14,4
175163,C,14,40
175164,C,14,41
175165,C,14,42
175166,C,14,43
175167,C,14,44
175168,C,14,45
175169,C,14,46
175170,C,14,47
175171,C,14,48
175172,C,14,49
174968,C,14,5
175173,C,14,50
175174,C,14,51
175175,C,14,52
175176,C,14,53
175177,C,14,54
175178,C,14,55
175179,C,14,56
175180,C,14,57
175181,C,14,58
175182,C,14,59
174969,C,14,6
175183,C,14,60
174970,C,14,7
174971,C,14,8
175132,C,14,9
175184,C,15,1
175193,C,15,10
175194,C,15,11
175195,C,15,12
175196,C,15,13
175197,C,15,14
175198,C,15,15
175199,C,15,16
175200,C,15,17
175201,C,15,18
175202,C,15,19
175185,C,15,2
175203,C,15,20
175204,C,15,21
175205,C,15,22
175206,C,15,23
175207,C,15,24
175208,C,15,25
175209,C,15,26
175210,C,15,27
175211,C,15,28
175212,C,15,29
175186,C,15,3
175213,C,15,30
175214,C,15,31
175215,C,15,32
175216,C,15,33
175217,C,15,34
175218,C,15,35
175219,C,15,36
175220,C,15,37
175221,C,15,38
175226,C,15,39
175187,C,15,4
175227,C,15,40
175228,C,15,41
175229,C,15,42
175230,C,15,43
175231,C,15,44
175232,C,15,45
175233,C,15,46
175239,C,15,47
175240,C,15,48
175241,C,15,49
175188,C,15,5
175242,C,15,50
175243,C,15,51
175244,C,15,52
175245,C,15,53
175246,C,15,54
175250,C,15,55
175251,C,15,56
175252,C,15,57
175253,C,15,58
175254,C,15,59
175189,C,15,6
175255,C,15,60
175190,C,15,7
175191,C,15,8
175192,C,15,9
175256,C,16,1
175289,C,16,10
175290,C,16,11
175291,C,16,12
175292,C,16,13
175293,C,16,14
175294,C,16,15
175295,C,16,16
175368,C,16,17
175369,C,16,18
175370,C,16,19
175257,C,16,2
175371,C,16,20
175372,C,16,21
175373,C,16,22
175374,C,16,23
175375,C,16,24
175424,C,16,25
175425,C,16,26
175426,C,16,27
175427,C,16,28
175428,C,16,29
175258,C,16,3
175429,C,16,30
175432,C,16,31
175433,C,16,32
175434,C,16,33
175435,C,16,34
175436,C,16,35
175437,C,16,36
175438,C,16,37
175439,C,16,38
175446,C,16,39
175259,C,16,4
175447,C,16,40
175448,C,16,41
175449,C,16,42
175450,C,16,43
175451,C,16,44
175452,C,16,45
175453,C,16,46
175456,C,16,47
175457,C,16,48
175458,C,16,49
175260,C,16,5
175459,C,16,50
175460,C,16,51
175461,C,16,52
175462,C,16,53
175463,C,16,54
175468,C,16,55
175469,C,16,56
175470,C,16,57
175471,C,16,58
175472,C,16,59
175261,C,16,6
175473,C,16,60
175262,C,16,7
175263,C,16,8
175288,C,16,9
175479,C,17,1
175556,C,17,10
175557,C,17,11
175558,C,17,12
175559,C,17,13
175560,C,17,14
175561,C,17,15
175562,C,17,16
175563,C,17,17
175564,C,17,18
175565,C,17,19
175480,C,17,2
175566,C,17,20
175567,C,17,21
175568,C,17,22
175569,C,17,23
175570,C,17,24
175571,C,17,25
175572,C,17,26
175573,C,17,27
175574,C,17,28
175575,C,17,29
175481,C,17,3
175576,C,17,30
175577,C,17,31
175578,C,17,32
175579,C,17,33
175580,C,17,34
175581,C,17,35
175582,C,17,36
175583,C,17,37
175584,C,17,38
175585,C,17,39
175482,C,17,4
175586,C,17,40
175587,C,17,41
175588,C,17,42
175589,C,17,43
175590,C,17,44
175591,C,17,45
175592,C,17,46
175593,C,17,47
175594,C,17,48
175595,C,17,49
175483,C,17,5
175596,C,17,50
175597,C,17,51
175598,C,17,52
175599,C,17,53
175600,C,17,54
175601,C,17,55
175602,C,17,56
175603,C,17,57
175604,C,17,58
175605,C,17,59
175484,C,17,6
175606,C,17,60
175485,C,17,7
175486,C,17,8
175555,C,17,9
175623,C,18,17
175624,C,18,18
175625,C,18,19
175626,C,18,20
175627,C,18,21
175628,C,18,22
175629,C,18,23
175630,C,18,24
175631,C,18,25
175632,C,18,26
175633,C,18,27
175634,C,18,28
175635,C,18,29
175636,C,18,30
175637,C,18,31
175638,C,18,32
175639,C,18,33
175640,C,18,34
175641,C,18,35
175642,C,18,36
175643,C,18,37
175644,C,18,38
175645,C,18,39
175646,C,18,40
175647,C,18,41
175648,C,18,42
175649,C,18,43
175650,C,18,44
175651,C,18,45
175652,C,18,46
175653,C,18,47
175654,C,18,48
175655,C,18,49
175656,C,18,50
175657,C,18,51
175658,C,18,52
175659,C,18,53
175660,C,18,54
175661,C,18,55
175662,C,18,56
175663,C,18,57
175664,C,18,58
175665,C,18,59
175666,C,18,60
204413,C,18,61
204414,C,18,62
204415,C,18,63
204416,C,18,64
204417,C,18,65
204418,C,18,66
204419,C,18,67
204420,C,18,68
204421,C,18,69
204422,C,18,70
204423,C,18,71
204424,C,18,72
204425,C,18,73
204426,C,18,74
204427,C,18,75
204428,C,18,76
180793,C,2,1
176169,C,2,10
180798,C,2,11
176170,C,2,12
180799,C,2,13
176171,C,2,14
180800,C,2,15
176172,C,2,16
180801,C,2,17
176173,C,2,18
180802,C,2,19
176165,C,2,2
176174,C,2,20
180803,C,2,21
176175,C,2,22
180804,C,2,23
176176,C,2,24
180805,C,2,25
176177,C,2,26
180806,C,2,27
176178,C,2,28
180807,C,2,29
180794,C,2,3
176189,C,2,30
180808,C,2,31
176210,C,2,32
180809,C,2,33
176226,C,2,34
180810,C,2,35
176242,C,2,36
180811,C,2,37
176243,C,2,38
180812,C,2,39
176166,C,2,4
176244,C,2,40
180813,C,2,41
176245,C,2,42
180814,C,2,43
176246,C,2,44
180815,C,2,45
176247,C,2,46
180816,C,2,47
176248,C,2,48
180817,C,2,49
180795,C,2,5
176249,C,2,50
180818,C,2,51
176250,C,2,52
180819,C,2,53
176251,C,2,54
180820,C,2,55
176252,C,2,56
180821,C,2,57
176253,C,2,58
180822,C,2,59
176167,C,2,6
176254,C,2,60
180796,C,2,7
176168,C,2,8
180797,C,2,9
175697,C,3,1
175706,C,3,10
175707,C,3,11
175708,C,3,12
175709,C,3,13
175710,C,3,14
175711,C,3,15
175712,C,3,16
175713,C,3,17
175714,C,3,18
175715,C,3,19
175698,C,3,2
175716,C,3,20
175717,C,3,21
175718,C,3,22
175719,C,3,23
175720,C,3,24
175721,C,3,25
175722,C,3,26
175723,C,3,27
175724,C,3,28
175725,C,3,29
175699,C,3,3
175726,C,3,30
175727,C,3,31
175728,C,3,32
175729,C,3,33
175730,C,3,34
175731,C,3,35
175732,C,3,36
175733,C,3,37
175734,C,3,38
175735,C,3,39
175700,C,3,4
175736,C,3,40
175737,C,3,41
175738,C,3,42
175739,C,3,43
175740,C,3,44
175741,C,3,45
175742,C,3,46
175743,C,3,47
175744,C,3,48
175745,C,3,49
175701,C,3,5
175746,C,3,50
175747,C,3,51
175748,C,3,52
175749,C,3,53
175750,C,3,54
175751,C,3,55
175752,C,3,56
175753,C,3,57
175754,C,3,58
175755,C,3,59
175702,C,3,6
175756,C,3,60
175703,C,3,7
175704,C,3,8
175705,C,3,9
175770,C,4,1
175779,C,4,10
175780,C,4,11
175781,C,4,12
175782,C,4,13
175783,C,4,14
175784,C,4,15
175785,C,4,16
175786,C,4,17
175787,C,4,18
175788,C,4,19
175771,C,4,2
175789,C,4,20
175790,C,4,21
175791,C,4,22
175792,C,4,23
175793,C,4,24
175794,C,4,25
175795,C,4,26
175796,C,4,27
175797,C,4,28
175798,C,4,29
175772,C,4,3
175799,C,4,30
175820,C,4,31
175821,C,4,32
175822,C,4,33
175823,C,4,34
175824,C,4,35
175825,C,4,36
175826,C,4,37
175827,C,4,38
175828,C,4,39
175773,C,4,4
175829,C,4,40
175830,C,4,41
175831,C,4,42
175832,C,4,43
175833,C,4,44
175834,C,4,45
175835,C,4,46
175836,C,4,47
175837,C,4,48
175838,C,4,49
175774,C,4,5
175839,C,4,50
175840,C,4,51
175841,C,4,52
175842,C,4,53
175843,C,4,54
175844,C,4,55
175845,C,4,56
175846,C,4,57
175847,C,4,58
175848,C,4,59
175775,C,4,6
175849,C,4,60
175776,C,4,7
175777,C,4,8
175778,C,4,9
175865,C,5,1
175874,C,5,10
175875,C,5,11
175876,C,5,12
175877,C,5,13
175878,C,5,14
175879,C,5,15
175880,C,5,16
175881,C,5,17
175882,C,5,18
175883,C,5,19
175866,C,5,2
175884,C,5,20
175885,C,5,21
175886,C,5,22
175887,C,5,23
175888,C,5,24
175889,C,5,25
175890,C,5,26
175891,C,5,27
175892,C,5,28
175893,C,5,29
175867,C,5,3
175894,C,5,30
175895,C,5,31
175896,C,5,32
175897,C,5,33
175898,C,5,34
175899,C,5,35
175900,C,5,36
175901,C,5,37
175902,C,5,38
175903,C,5,39
175868,C,5,4
175904,C,5,40
175905,C,5,41
175906,C,5,42
175907,C,5,43
175908,C,5,44
175909,C,5,45
175910,C,5,46
175911,C,5,47
175912,C,5,48
175913,C,5,49
175869,C,5,5
175914,C,5,50
175915,C,5,51
175916,C,5,52
175917,C,5,53
175918,C,5,54
175919,C,5,55
175920,C,5,56
175921,C,5,57
175922,C,5,58
175923,C,5,59
175870,C,5,6
175924,C,5,60
175871,C,5,7
175872,C,5,8
175873,C,5,9
175925,C,6,1
175934,C,6,10
175935,C,6,11
175936,C,6,12
175937,C,6,13
175938,C,6,14
175939,C,6,15
175940,C,6,16
175941,C,6,17
175942,C,6,18
175943,C,6,19
175926,C,6,2
175944,C,6,20
175945,C,6,21
175946,C,6,22
175947,C,6,23
175948,C,6,24
175949,C,6,25
175950,C,6,26
175951,C,6,27
175952,C,6,28
175953,C,6,29
175927,C,6,3
175954,C,6,30
175955,C,6,31
175956,C,6,32
175957,C,6,33
175958,C,6,34
175959,C,6,35
175960,C,6,36
175961,C,6,37
175962,C,6,38
175963,C,6,39
175928,C,6,4
175964,C,6,40
175965,C,6,41
175966,C,6,42
175967,C,6,43
175968,C,6,44
175969,C,6,45
175970,C,6,46
175971,C,6,47
175972,C,6,48
175973,C,6,49
175929,C,6,5
175974,C,6,50
175975,C,6,51
175976,C,6,52
175977,C,6,53
175978,C,6,54
175979,C,6,55
175980,C,6,56
175981,C,6,57
175982,C,6,58
175983,C,6,59
175930,C,6,6
175984,C,6,60
175931,C,6,7
175932,C,6,8
175933,C,6,9
175985,C,7,1
175994,C,7,10
175995,C,7,11
175996,C,7,12
175997,C,7,13
175998,C,7,14
175999,C,7,15
176000,C,7,16
176001,C,7,17
176002,C,7,18
176003,C,7,19
175986,C,7,2
176004,C,7,20
176005,C,7,21
176006,C,7,22
176007,C,7,23
176008,C,7,24
176009,C,7,25
176010,C,7,26
176011,C,7,27
176012,C,7,28
176013,C,7,29
175987,C,7,3
176014,C,7,30
176015,C,7,31
176016,C,7,32
176017,C,7,33
176018,C,7,34
176019,C,7,35
176020,C,7,36
176021,C,7,37
176022,C,7,38
176023,C,7,39
175988,C,7,4
176024,C,7,40
176025,C,7,41
176026,C,7,42
176027,C,7,43
176028,C,7,44
176029,C,7,45
176030,C,7,46
176031,C,7,47
176032,C,7,48
176033,C,7,49
175989,C,7,5
176034,C,7,50
176035,C,7,51
176036,C,7,52
176037,C,7,53
176038,C,7,54
176039,C,7,55
176040,C,7,56
176041,C,7,57
176042,C,7,58
176043,C,7,59
175990,C,7,6
176044,C,7,60
175991,C,7,7
175992,C,7,8
175993,C,7,9
176045,C,8,1
176054,C,8,10
176055,C,8,11
176056,C,8,12
176057,C,8,13
176058,C,8,14
176059,C,8,15
176060,C,8,16
176061,C,8,17
176062,C,8,18
176063,C,8,19
176046,C,8,2
176064,C,8,20
176065,C,8,21
176066,C,8,22
176067,C,8,23
176068,C,8,24
176069,C,8,25
176070,C,8,26
176071,C,8,27
176072,C,8,28
176073,C,8,29
176047,C,8,3
176074,C,8,30
176075,C,8,31
176076,C,8,32
176077,C,8,33
176078,C,8,34
176079,C,8,35
176080,C,8,36
176081,C,8,37
176082,C,8,38
176083,C,8,39
176048,C,8,4
176084,C,8,40
176085,C,8,41
176086,C,8,42
176087,C,8,43
176088,C,8,44
176089,C,8,45
176090,C,8,46
176091,C,8,47
176092,C,8,48
176093,C,8,49
176049,C,8,5
176094,C,8,50
176095,C,8,51
176096,C,8,52
176097,C,8,53
176098,C,8,54
176099,C,8,55
176100,C,8,56
176101,C,8,57
176102,C,8,58
176103,C,8,59
176050,C,8,6
176051,C,8,7
176052,C,8,8
176053,C,8,9
176318,C,9,1
174738,C,9,10
176333,C,9,11
174739,C,9,12
176334,C,9,13
174740,C,9,14
176335,C,9,15
174741,C,9,16
176361,C,9,17
174742,C,9,18
176362,C,9,19
174734,C,9,2
174743,C,9,20
176380,C,9,21
174744,C,9,22
176381,C,9,23
174745,C,9,24
176491,C,9,25
174746,C,9,26
176503,C,9,27
174747,C,9,28
176537,C,9,29
176319,C,9,3
174748,C,9,30
176555,C,9,31
174749,C,9,32
176556,C,9,33
174750,C,9,34
176557,C,9,35
174751,C,9,36
176558,C,9,37
174752,C,9,38
176559,C,9,39
174735,C,9,4
174753,C,9,40
176560,C,9,41
174754,C,9,42
176578,C,9,43
176579,C,9,45
176597,C,9,47
176615,C,9,49
176322,C,9,5
176633,C,9,51
176651,C,9,53
176652,C,9,55
176653,C,9,57
174736,C,9,6
176327,C,9,7
174737,C,9,8
176331,C,9,9
176948,D,0,1
176957,D,0,10
176958,D,0,11
176959,D,0,12
176960,D,0,13
176961,D,0,14
176962,D,0,15
176974,D,0,16
176975,D,0,17
176976,D,0,18
176977,D,0,19
176949,D,0,2
176963,D,0,20
176964,D,0,21
176965,D,0,22
176966,D,0,23
176967,D,0,24
176968,D,0,25
176969,D,0,26
176970,D,0,27
176971,D,0,28
176972,D,0,29
176950,D,0,3
176973,D,0,30
200259,D,0,31
200260,D,0,32
200261,D,0,33
200262,D,0,34
200263,D,0,35
200264,D,0,36
200265,D,0,37
200266,D,0,38
200267,D,0,39
176951,D,0,4
200268,D,0,40
200269,D,0,41
200270,D,0,42
200271,D,0,43
200272,D,0,44
200273,D,0,45
200274,D,0,46
200275,D,0,47
200276,D,0,48
200277,D,0,49
176952,D,0,5
200278,D,0,50
200279,D,0,51
200280,D,0,52
200281,D,0,53
200282,D,0,54
200283,D,0,55
200284,D,0,56
200285,D,0,57
200286,D,0,58
200287,D,0,59
176953,D,0,6
200288,D,0,60
200289,D,0,61
200290,D,0,62
200291,D,0,63
200292,D,0,64
200293,D,0,65
200294,D,0,66
200295,D,0,67
200296,D,0,68
200297,D,0,69
176954,D,0,7
200298,D,0,70
200299,D,0,71
200300,D,0,72
200301,D,0,73
200302,D,0,74
200303,D,0,75
200304,D,0,76
176955,D,0,8
176956,D,0,9
176987,D,1,10
176988,D,1,11
176989,D,1,12
176990,D,1,13
176991,D,1,14
176992,D,1,15
176993,D,1,16
176994,D,1,17
176995,D,1,18
176996,D,1,19
176997,D,1,20
176998,D,1,21
176999,D,1,22
177000,D,1,23
177001,D,1,24
177002,D,1,25
177003,D,1,26
177004,D,1,27
177005,D,1,28
177006,D,1,29
176980,D,1,3
177007,D,1,30
177008,D,1,31
177009,D,1,32
177010,D,1,33
177011,D,1,34
177012,D,1,35
177013,D,1,36
177014,D,1,37
177015,D,1,38
177016,D,1,39
176981,D,1,4
177017,D,1,40
177018,D,1,41
177019,D,1,42
177020,D,1,43
177021,D,1,44
177022,D,1,45
177023,D,1,46
177024,D,1,47
177025,D,1,48
177026,D,1,49
176982,D,1,5
177027,D,1,50
177028,D,1,51
177029,D,1,52
177030,D,1,53
177031,D,1,54
177032,D,1,55
177033,D,1,56
177034,D,1,57
177035,D,1,58
177036,D,1,59
176983,D,1,6
177037,D,1,60
200305,D,1,61
200306,D,1,62
200307,D,1,63
200308,D,1,64
200309,D,1,65
200310,D,1,66
200311,D,1,67
200312,D,1,68
200313,D,1,69
176984,D,1,7
200314,D,1,70
200315,D,1,71
200316,D,1,72
200317,D,1,73
200318,D,1,74
200319,D,1,75
200320,D,1,76
176985,D,1,8
176986,D,1,9
177038,D,2,1
177047,D,2,10
177048,D,2,11
177049,D,2,12
177050,D,2,13
177051,D,2,14
177052,D,2,15
177053,D,2,16
177054,D,2,17
177055,D,2,18
177056,D,2,19
177039,D,2,2
177057,D,2,20
177058,D,2,21
177059,D,2,22
177060,D,2,23
177061,D,2,24
177062,D,2,25
177063,D,2,26
177064,D,2,27
177065,D,2,28
177066,D,2,29
177040,D,2,3
177067,D,2,30
177068,D,2,31
177069,D,2,32
177070,D,2,33
177071,D,2,34
177072,D,2,35
177073,D,2,36
177074,D,2,37
177075,D,2,38
177076,D,2,39
177041,D,2,4
177077,D,2,40
177078,D,2,41
177079,D,2,42
177080,D,2,43
177081,D,2,44
177082,D,2,45
177083,D,2,46
177084,D,2,47
177085,D,2,48
177086,D,2,49
177042,D,2,5
177087,D,2,50
177088,D,2,51
177089,D,2,52
177090,D,2,53
177091,D,2,54
177092,D,2,55
177093,D,2,56
177094,D,2,57
177095,D,2,58
177096,D,2,59
177043,D,2,6
177097,D,2,60
200321,D,2,61
200322,D,2,62
200323,D,2,63
200324,D,2,64
200325,D,2,65
200326,D,2,66
200327,D,2,67
200328,D,2,68
200329,D,2,69
177044,D,2,7
200330,D,2,70
200331,D,2,71
200332,D,2,72
200333,D,2,73
200334,D,2,74
200335,D,2,75
200336,D,2,76
177045,D,2,8
177046,D,2,9
177098,D,3,1
177107,D,3,10
177108,D,3,11
177109,D,3,12
177110,D,3,13
177111,D,3,14
177112,D,3,15
177113,D,3,16
177114,D,3,17
177115,D,3,18
177116,D,3,19
177099,D,3,2
177117,D,3,20
177118,D,3,21
177119,D,3,22
177120,D,3,23
177121,D,3,24
177122,D,3,25
177123,D,3,26
177124,D,3,27
177125,D,3,28
177126,D,3,29
177100,D,3,3
177127,D,3,30
177128,D,3,31
177129,D,3,32
177130,D,3,33
177131,D,3,34
177132,D,3,35
177133,D,3,36
177134,D,3,37
177135,D,3,38
177136,D,3,39
177101,D,3,4
177137,D,3,40
177138,D,3,41
177139,D,3,42
177140,D,3,43
177141,D,3,44
177142,D,3,45
177143,D,3,46
177144,D,3,47
177145,D,3,48
177146,D,3,49
177102,D,3,5
177147,D,3,50
177148,D,3,51
177149,D,3,52
177150,D,3,53
177151,D,3,54
177152,D,3,55
177153,D,3,56
177154,D,3,57
177155,D,3,58
177156,D,3,59
177103,D,3,6
177157,D,3,60
200337,D,3,61
200338,D,3,62
200339,D,3,63
200340,D,3,64
200341,D,3,65
200342,D,3,66
200343,D,3,67
200344,D,3,68
200345,D,3,69
177104,D,3,7
200346,D,3,70
200347,D,3,71
200348,D,3,72
200349,D,3,73
200350,D,3,74
200351,D,3,75
200352,D,3,76
177105,D,3,8
177106,D,3,9
177158,D,4,1
177167,D,4,10
177168,D,4,11
177169,D,4,12
177170,D,4,13
177171,D,4,14
177172,D,4,15
177173,D,4,16
177174,D,4,17
177175,D,4,18
177176,D,4,19
177159,D,4,2
177177,D,4,20
177178,D,4,21
177179,D,4,22
177180,D,4,23
177181,D,4,24
177182,D,4,25
177183,D,4,26
177184,D,4,27
177185,D,4,28
177186,D,4,29
177160,D,4,3
177187,D,4,30
177188,D,4,31
177189,D,4,32
177190,D,4,33
177191,D,4,34
177192,D,4,35
177193,D,4,36
177194,D,4,37
177195,D,4,38
177196,D,4,39
177161,D,4,4
177197,D,4,40
177198,D,4,41
177199,D,4,42
177200,D,4,43
177201,D,4,44
177202,D,4,45
177203,D,4,46
177204,D,4,47
177205,D,4,48
177206,D,4,49
177162,D,4,5
177207,D,4,50
177208,D,4,51
177209,D,4,52
177210,D,4,53
177211,D,4,54
177212,D,4,55
177213,D,4,56
177214,D,4,57
177215,D,4,58
177216,D,4,59
177163,D,4,6
177217,D,4,60
200353,D,4,61
200354,D,4,62
200355,D,4,63
200356,D,4,64
200357,D,4,65
200358,D,4,66
200359,D,4,67
200360,D,4,68
200361,D,4,69
177164,D,4,7
200362,D,4,70
200363,D,4,71
200364,D,4,72
200365,D,4,73
200366,D,4,74
200367,D,4,75
200368,D,4,76
177165,D,4,8
177166,D,4,9
177489,D,5,1
177498,D,5,10
177499,D,5,11
177500,D,5,12
177501,D,5,13
177502,D,5,14
177503,D,5,15
177504,D,5,16
177505,D,5,17
177506,D,5,18
177507,D,5,19
177490,D,5,2
177508,D,5,20
177509,D,5,21
177510,D,5,22
177511,D,5,23
177512,D,5,24
177513,D,5,25
177514,D,5,26
177515,D,5,27
177516,D,5,28
177517,D,5,29
177491,D,5,3
177518,D,5,30
177519,D,5,31
177520,D,5,32
177521,D,5,33
177522,D,5,34
177523,D,5,35
177524,D,5,36
177525,D,5,37
177526,D,5,38
177527,D,5,39
177492,D,5,4
177528,D,5,40
177529,D,5,41
177530,D,5,42
177531,D,5,43
177532,D,5,44
177533,D,5,45
177534,D,5,46
177535,D,5,47
177536,D,5,48
177537,D,5,49
177493,D,5,5
177538,D,5,50
177539,D,5,51
177540,D,5,52
177541,D,5,53
177542,D,5,54
177543,D,5,55
177544,D,5,56
177545,D,5,57
177546,D,5,58
177547,D,5,59
177494,D,5,6
177548,D,5,60
200369,D,5,61
200370,D,5,62
200371,D,5,63
200372,D,5,64
200373,D,5,65
200374,D,5,66
200375,D,5,67
200376,D,5,68
200377,D,5,69
177495,D,5,7
200378,D,5,70
200379,D,5,71
200380,D,5,72
200381,D,5,73
200382,D,5,74
200383,D,5,75
200384,D,5,76
177496,D,5,8
177497,D,5,9
177549,D,6,1
177558,D,6,10
177559,D,6,11
177560,D,6,12
177561,D,6,13
177562,D,6,14
177563,D,6,15
177564,D,6,16
177565,D,6,17
177566,D,6,18
177567,D,6,19
177550,D,6,2
177568,D,6,20
177569,D,6,21
177570,D,6,22
177571,D,6,23
177572,D,6,24
177573,D,6,25
177574,D,6,26
177575,D,6,27
177576,D,6,28
177577,D,6,29
177551,D,6,3
177578,D,6,30
177579,D,6,31
177580,D,6,32
177581,D,6,33
177582,D,6,34
177583,D,6,35
177584,D,6,36
177585,D,6,37
177586,D,6,38
177587,D,6,39
177552,D,6,4
177588,D,6,40
177589,D,6,41
177590,D,6,42
177591,D,6,43
177592,D,6,44
177593,D,6,45
177594,D,6,46
177595,D,6,47
177596,D,6,48
177597,D,6,49
177553,D,6,5
177598,D,6,50
177599,D,6,51
177600,D,6,52
177601,D,6,53
177602,D,6,54
177603,D,6,55
177604,D,6,56
177605,D,6,57
177606,D,6,58
177607,D,6,59
177554,D,6,6
177608,D,6,60
200385,D,6,61
200386,D,6,62
200387,D,6,63
200388,D,6,64
200389,D,6,65
200390,D,6,66
200391,D,6,67
200392,D,6,68
200393,D,6,69
177555,D,6,7
200394,D,6,70
200395,D,6,71
200396,D,6,72
200397,D,6,73
200398,D,6,74
200399,D,6,75
200400,D,6,76
177556,D,6,8
177557,D,6,9
177609,D,7,1
177618,D,7,10
177619,D,7,11
177620,D,7,12
177621,D,7,13
177622,D,7,14
177623,D,7,15
177624,D,7,16
177625,D,7,17
177626,D,7,18
177627,D,7,19
177610,D,7,2
177628,D,7,20
177629,D,7,21
177630,D,7,22
177631,D,7,23
177632,D,7,24
177633,D,7,25
177634,D,7,26
177635,D,7,27
177636,D,7,28
177637,D,7,29
177611,D,7,3
177638,D,7,30
177639,D,7,31
177640,D,7,32
177641,D,7,33
177642,D,7,34
177643,D,7,35
177644,D,7,36
177645,D,7,37
177646,D,7,38
177647,D,7,39
177612,D,7,4
177648,D,7,40
177649,D,7,41
177650,D,7,42
177651,D,7,43
177652,D,7,44
177653,D,7,45
177654,D,7,46
177655,D,7,47
177656,D,7,48
177657,D,7,49
177613,D,7,5
177658,D,7,50
177660,D,7,51
177661,D,7,52
177662,D,7,53
177663,D,7,54
177664,D,7,55
177666,D,7,56
177667,D,7,57
177668,D,7,58
177669,D,7,59
177614,D,7,6
177670,D,7,60
202189,D,7,61
202190,D,7,62
202191,D,7,63
202192,D,7,64
200401,D,7,65
200402,D,7,66
200403,D,7,67
200404,D,7,68
200405,D,7,69
177615,D,7,7
200406,D,7,70
200407,D,7,71
200408,D,7,72
200409,D,7,73
200410,D,7,74
200411,D,7,75
200412,D,7,76
177616,D,7,8
177617,D,7,9
177690,D,8,1
177699,D,8,10
177700,D,8,11
177701,D,8,12
177702,D,8,13
177703,D,8,14
177704,D,8,15
177705,D,8,16
177706,D,8,17
177707,D,8,18
177708,D,8,19
177691,D,8,2
177709,D,8,20
177710,D,8,21
177711,D,8,22
177712,D,8,23
177713,D,8,24
177714,D,8,25
177715,D,8,26
177716,D,8,27
177717,D,8,28
177718,D,8,29
177692,D,8,3
177719,D,8,30
177720,D,8,31
177721,D,8,32
177722,D,8,33
177723,D,8,34
177724,D,8,35
177725,D,8,36
177726,D,8,37
177727,D,8,38
177728,D,8,39
177693,D,8,4
177729,D,8,40
177730,D,8,41
177731,D,8,42
177732,D,8,43
177733,D,8,44
177734,D,8,45
177735,D,8,46
177736,D,8,47
177737,D,8,48
177738,D,8,49
177694,D,8,5
177739,D,8,50
177740,D,8,51
177741,D,8,52
177742,D,8,53
177743,D,8,54
177744,D,8,55
177745,D,8,56
177746,D,8,57
177747,D,8,58
177748,D,8,59
177695,D,8,6
177749,D,8,60
200413,D,8,61
200414,D,8,62
200415,D,8,63
200416,D,8,64
200417,D,8,65
200418,D,8,66
200419,D,8,67
200420,D,8,68
200421,D,8,69
177696,D,8,7
200422,D,8,70
200423,D,8,71
200424,D,8,72
200425,D,8,73
200426,D,8,74
200427,D,8,75
200428,D,8,76
177697,D,8,8
177698,D,8,9
350567,DWD,4,6
204433,E,0,1
204442,E,0,10
204443,E,0,11
204444,E,0,12
204445,E,0,13
204446,E,0,14
204447,E,0,15
204448,E,0,16
201643,E,0,17
201644,E,0,18
201645,E,0,19
204434,E,0,2
201646,E,0,20
201647,E,0,21
201648,E,0,22
201649,E,0,23
201650,E,0,24
201651,E,0,25
201652,E,0,26
201653,E,0,27
201654,E,0,28
201655,E,0,29
204435,E,0,3
201656,E,0,30
201657,E,0,31
201658,E,0,32
201659,E,0,33
201660,E,0,34
201661,E,0,35
201662,E,0,36
201663,E,0,37
201664,E,0,38
201665,E,0,39
204436,E,0,4
201666,E,0,40
201667,E,0,41
201668,E,0,42
201669,E,0,43
201670,E,0,44
201671,E,0,45
201672,E,0,46
201673,E,0,47
201674,E,0,48
201675,E,0,49
204437,E,0,5
201676,E,0,50
201677,E,0,51
201678,E,0,52
201679,E,0,53
201680,E,0,54
201681,E,0,55
201682,E,0,56
201683,E,0,57
201685,E,0,59
204438,E,0,6
201687,E,0,61
201688,E,0,62
201689,E,0,63
201690,E,0,64
201691,E,0,65
201692,E,0,66
201693,E,0,67
201694,E,0,68
201695,E,0,69
204439,E,0,7
201696,E,0,70
201697,E,0,71
201698,E,0,72
201699,E,0,73
201700,E,0,74
201701,E,0,75
201702,E,0,76
204440,E,0,8
204441,E,0,9
204449,E,1,1
204458,E,1,10
204459,E,1,11
204460,E,1,12
204461,E,1,13
204462,E,1,14
204463,E,1,15
204464,E,1,16
201703,E,1,17
201704,E,1,18
201705,E,1,19
204450,E,1,2
201706,E,1,20
201707,E,1,21
201708,E,1,22
201709,E,1,23
201710,E,1,24
201711,E,1,25
201712,E,1,26
201713,E,1,27
201714,E,1,28
201715,E,1,29
204451,E,1,3
201716,E,1,30
201717,E,1,31
201718,E,1,32
201719,E,1,33
201720,E,1,34
201721,E,1,35
201722,E,1,36
201723,E,1,37
201724,E,1,38
201725,E,1,39
204452,E,1,4
201726,E,1,40
201727,E,1,41
201728,E,1,42
201729,E,1,43
201730,E,1,44
201731,E,1,45
201732,E,1,46
201733,E,1,47
201734,E,1,48
201735,E,1,49
204453,E,1,5
201736,E,1,50
201737,E,1,51
201738,E,1,52
201739,E,1,53
201740,E,1,54
201741,E,1,55
201742,E,1,56
201743,E,1,57
201744,E,1,58
201745,E,1,59
204454,E,1,6
201746,E,1,60
201747,E,1,61
201748,E,1,62
201749,E,1,63
201750,E,1,64
201751,E,1,65
201752,E,1,66
201753,E,1,67
201755,E,1,69
204455,E,1,7
201756,E,1,70
210373,E,1,71
210374,E,1,72
210375,E,1,73
210376,E,1,74
210377,E,1,75
210378,E,1,76
204456,E,1,8
204457,E,1,9
204465,E,2,1
204474,E,2,10
204475,E,2,11
204476,E,2,12
204477,E,2,13
204478,E,2,14
204479,E,2,15
204480,E,2,16
201757,E,2,17
201758,E,2,18
201759,E,2,19
204466,E,2,2
201760,E,2,20
201761,E,2,21
201762,E,2,22
201763,E,2,23
201764,E,2,24
201765,E,2,25
201766,E,2,26
201767,E,2,27
201768,E,2,28
201769,E,2,29
204467,E,2,3
201770,E,2,30
201771,E,2,31
201772,E,2,32
201773,E,2,33
201774,E,2,34
201775,E,2,35
201776,E,2,36
201777,E,2,37
201778,E,2,38
201779,E,2,39
204468,E,2,4
201780,E,2,40
201781,E,2,41
201782,E,2,42
201783,E,2,43
201784,E,2,44
201785,E,2,45
201786,E,2,46
201787,E,2,47
201788,E,2,48
201789,E,2,49
204469,E,2,5
201790,E,2,50
201791,E,2,51
201792,E,2,52
201793,E,2,53
201795,E,2,55
201797,E,2,57
201799,E,2,59
204470,E,2,6
201801,E,2,61
201803,E,2,63
201805,E,2,65
201809,E,2,69
204471,E,2,7
201810,E,2,70
210379,E,2,71
210380,E,2,72
210381,E,2,73
210382,E,2,74
210383,E,2,75
210384,E,2,76
204472,E,2,8
204473,E,2,9
204481,E,3,1
204490,E,3,10
204491,E,3,11
204492,E,3,12
204493,E,3,13
204494,E,3,14
204495,E,3,15
204496,E,3,16
201811,E,3,17
201812,E,3,18
201813,E,3,19
204482,E,3,2
201814,E,3,20
201815,E,3,21
201816,E,3,22
201817,E,3,23
201818,E,3,24
201819,E,3,25
201820,E,3,26
201821,E,3,27
201822,E,3,28
201823,E,3,29
204483,E,3,3
201824,E,3,30
201825,E,3,31
201826,E,3,32
201827,E,3,33
201828,E,3,34
201829,E,3,35
201830,E,3,36
201831,E,3,37
201832,E,3,38
201833,E,3,39
204484,E,3,4
201834,E,3,40
201835,E,3,41
201836,E,3,42
201837,E,3,43
201838,E,3,44
201839,E,3,45
201840,E,3,46
201841,E,3,47
201842,E,3,48
201843,E,3,49
204485,E,3,5
201844,E,3,50
201845,E,3,51
201846,E,3,52
201847,E,3,53
201848,E,3,54
201850,E,3,56
201852,E,3,58
204486,E,3,6
201854,E,3,60
201856,E,3,62
201858,E,3,64
201860,E,3,66
201863,E,3,69
204487,E,3,7
201864,E,3,70
210385,E,3,71
210386,E,3,72
210387,E,3,73
210388,E,3,74
210389,E,3,75
210390,E,3,76
204488,E,3,8
204489,E,3,9
204497,E,4,1
204506,E,4,10
204507,E,4,11
204508,E,4,12
204509,E,4,13
204510,E,4,14
204511,E,4,15
204512,E,4,16
201865,E,4,17
201866,E,4,18
201867,E,4,19
204498,E,4,2
201868,E,4,20
201869,E,4,21
201870,E,4,22
201871,E,4,23
201872,E,4,24
201873,E,4,25
201874,E,4,26
201875,E,4,27
201876,E,4,28
201877,E,4,29
204499,E,4,3
201878,E,4,30
201879,E,4,31
201880,E,4,32
201881,E,4,33
201882,E,4,34
201883,E,4,35
201884,E,4,36
201885,E,4,37
201886,E,4,38
201887,E,4,39
204500,E,4,4
201888,E,4,40
201889,E,4,41
201890,E,4,42
201891,E,4,43
201892,E,4,44
201893,E,4,45
201894,E,4,46
201895,E,4,47
201896,E,4,48
201897,E,4,49
204501,E,4,5
201898,E,4,50
201899,E,4,51
201900,E,4,52
201901,E,4,53
201902,E,4,54
201903,E,4,55
201904,E,4,56
201905,E,4,57
201906,E,4,58
201907,E,4,59
204502,E,4,6
201908,E,4,60
201909,E,4,61
201910,E,4,62
201911,E,4,63
201912,E,4,64
201913,E,4,65
201914,E,4,66
201915,E,4,67
201916,E,4,68
201917,E,4,69
204503,E,4,7
201918,E,4,70
210391,E,4,71
210392,E,4,72
210393,E,4,73
210394,E,4,74
210395,E,4,75
210396,E,4,76
204504,E,4,8
204505,E,4,9
204513,E,5,1
204522,E,5,10
204523,E,5,11
204524,E,5,12
204525,E,5,13
204526,E,5,14
204527,E,5,15
204528,E,5,16
201919,E,5,17
201920,E,5,18
201921,E,5,19
204514,E,5,2
201922,E,5,20
201923,E,5,21
201924,E,5,22
201925,E,5,23
201926,E,5,24
201927,E,5,25
201928,E,5,26
201929,E,5,27
201930,E,5,28
201931,E,5,29
204515,E,5,3
201932,E,5,30
201933,E,5,31
201934,E,5,32
201935,E,5,33
201936,E,5,34
201937,E,5,35
201938,E,5,36
201939,E,5,37
201940,E,5,38
201941,E,5,39
204516,E,5,4
201942,E,5,40
201943,E,5,41
201944,E,5,42
201945,E,5,43
201946,E,5,44
201947,E,5,45
201948,E,5,46
201949,E,5,47
201950,E,5,48
201951,E,5,49
204517,E,5,5
201952,E,5,50
201953,E,5,51
201954,E,5,52
201955,E,5,53
201956,E,5,54
201957,E,5,55
201958,E,5,56
201959,E,5,57
201960,E,5,58
201961,E,5,59
204518,E,5,6
201962,E,5,60
201963,E,5,61
201964,E,5,62
201965,E,5,63
201966,E,5,64
201967,E,5,65
201968,E,5,66
201969,E,5,67
201970,E,5,68
201971,E,5,69
204519,E,5,7
201972,E,5,70
210397,E,5,71
210398,E,5,72
210399,E,5,73
210400,E,5,74
210401,E,5,75
210402,E,5,76
204520,E,5,8
204521,E,5,9
204529,E,6,1
204538,E,6,10
204539,E,6,11
204540,E,6,12
204541,E,6,13
204542,E,6,14
204543,E,6,15
204544,E,6,16
201973,E,6,17
201974,E,6,18
201975,E,6,19
204530,E,6,2
201976,E,6,20
201977,E,6,21
201978,E,6,22
201979,E,6,23
201980,E,6,24
201981,E,6,25
201982,E,6,26
201983,E,6,27
201984,E,6,28
201985,E,6,29
204531,E,6,3
201986,E,6,30
201987,E,6,31
201988,E,6,32
201989,E,6,33
201990,E,6,34
201991,E,6,35
201992,E,6,36
201993,E,6,37
201994,E,6,38
201995,E,6,39
204532,E,6,4
201996,E,6,40
201997,E,6,41
201998,E,6,42
201999,E,6,43
202000,E,6,44
202001,E,6,45
202002,E,6,46
202003,E,6,47
202004,E,6,48
202005,E,6,49
204533,E,6,5
202006,E,6,50
202007,E,6,51
202008,E,6,52
202009,E,6,53
202010,E,6,54
202011,E,6,55
202012,E,6,56
202013,E,6,57
202014,E,6,58
202015,E,6,59
204534,E,6,6
202016,E,6,60
202017,E,6,61
202018,E,6,62
202019,E,6,63
202020,E,6,64
202021,E,6,65
202022,E,6,66
202023,E,6,67
202024,E,6,68
202025,E,6,69
204535,E,6,7
202026,E,6,70
210403,E,6,71
210404,E,6,72
210405,E,6,73
210406,E,6,74
210407,E,6,75
210408,E,6,76
204536,E,6,8
204537,E,6,9
204545,E,7,1
204554,E,7,10
204555,E,7,11
204556,E,7,12
204557,E,7,13
204558,E,7,14
204559,E,7,15
204560,E,7,16
202027,E,7,17
202028,E,7,18
202029,E,7,19
204546,E,7,2
202030,E,7,20
202031,E,7,21
202032,E,7,22
202033,E,7,23
202034,E,7,24
202035,E,7,25
202036,E,7,26
202037,E,7,27
202038,E,7,28
202039,E,7,29
204547,E,7,3
202040,E,7,30
202041,E,7,31
202042,E,7,32
202043,E,7,33
202044,E,7,34
202045,E,7,35
202046,E,7,36
202047,E,7,37
202048,E,7,38
202049,E,7,39
204548,E,7,4
202050,E,7,40
202051,E,7,41
202052,E,7,42
202053,E,7,43
202054,E,7,44
202055,E,7,45
202056,E,7,46
202057,E,7,47
202058,E,7,48
202059,E,7,49
204549,E,7,5
202060,E,7,50
202061,E,7,51
202062,E,7,52
202063,E,7,53
202064,E,7,54
202065,E,7,55
202066,E,7,56
202067,E,7,57
202068,E,7,58
202069,E,7,59
204550,E,7,6
202070,E,7,60
202071,E,7,61
202072,E,7,62
202073,E,7,63
202074,E,7,64
202075,E,7,65
202076,E,7,66
202077,E,7,67
202078,E,7,68
202079,E,7,69
204551,E,7,7
202080,E,7,70
204552,E,7,8
204553,E,7,9
204561,E,8,1
204570,E,8,10
204571,E,8,11
204572,E,8,12
204573,E,8,13
204574,E,8,14
204575,E,8,15
204576,E,8,16
202081,E,8,17
202082,E,8,18
202083,E,8,19
204562,E,8,2
202084,E,8,20
202085,E,8,21
202086,E,8,22
202087,E,8,23
202088,E,8,24
202089,E,8,25
202090,E,8,26
202091,E,8,27
202092,E,8,28
202093,E,8,29
204563,E,8,3
202094,E,8,30
202095,E,8,31
202096,E,8,32
202097,E,8,33
202098,E,8,34
202099,E,8,35
202100,E,8,36
202101,E,8,37
202102,E,8,38
202103,E,8,39
204564,E,8,4
202104,E,8,40
202105,E,8,41
202106,E,8,42
202107,E,8,43
202108,E,8,44
202109,E,8,45
202110,E,8,46
202111,E,8,47
202112,E,8,48
202113,E,8,49
204565,E,8,5
202114,E,8,50
202115,E,8,51
202116,E,8,52
204566,E,8,6
202133,E,8,69
204567,E,8,7
202134,E,8,70
204568,E,8,8
204569,E,8,9
204577,E,9,1
204586,E,9,10
204587,E,9,11
204588,E,9,12
204589,E,9,13
204590,E,9,14
204591,E,9,15
204592,E,9,16
202135,E,9,17
202136,E,9,18
202137,E,9,19
204578,E,9,2
202138,E,9,20
202139,E,9,21
202140,E,9,22
202141,E,9,23
202142,E,9,24
202143,E,9,25
202144,E,9,26
202145,E,9,27
202146,E,9,28
202147,E,9,29
204579,E,9,3
202148,E,9,30
202149,E,9,31
202150,E,9,32
202151,E,9,33
202152,E,9,34
202153,E,9,35
202154,E,9,36
202155,E,9,37
202156,E,9,38
202157,E,9,39
204580,E,9,4
202158,E,9,40
202159,E,9,41
202160,E,9,42
202161,E,9,43
202162,E,9,44
202163,E,9,45
202164,E,9,46
202165,E,9,47
202166,E,9,48
202167,E,9,49
204581,E,9,5
202168,E,9,50
202169,E,9,51
202170,E,9,52
202172,E,9,54
202174,E,9,56
202176,E,9,58
204582,E,9,6
202178,E,9,60
202180,E,9,62
202182,E,9,64
202184,E,9,66
202186,E,9,68
202187,E,9,69
204583,E,9,7
202188,E,9,70
204584,E,9,8
204585,E,9,9
205609,F,0,10
205610,F,0,11
205611,F,0,12
205612,F,0,13
205613,F,0,14
205614,F,0,15
205615,F,0,16
205616,F,0,17
205617,F,0,18
205618,F,0,19
205601,F,0,2
205619,F,0,20
205620,F,0,21
205621,F,0,22
205622,F,0,23
205623,F,0,24
205624,F,0,25
205625,F,0,26
205626,F,0,27
205627,F,0,28
205628,F,0,29
205602,F,0,3
205629,F,0,30
205630,F,0,31
205631,F,0,32
205632,F,0,33
205633,F,0,34
205634,F,0,35
205635,F,0,36
205636,F,0,37
205637,F,0,38
205638,F,0,39
205603,F,0,4
205639,F,0,40
205640,F,0,41
205641,F,0,42
205642,F,0,43
205643,F,0,44
205644,F,0,45
205645,F,0,46
205646,F,0,47
205647,F,0,48
205648,F,0,49
205604,F,0,5
205649,F,0,50
205650,F,0,51
205651,F,0,52
205652,F,0,53
205653,F,0,54
205654,F,0,55
205655,F,0,56
205656,F,0,57
205657,F,0,58
205658,F,0,59
205605,F,0,6
205659,F,0,60
205660,F,0,61
205661,F,0,62
205662,F,0,63
205663,F,0,64
205664,F,0,65
205665,F,0,66
205666,F,0,67
205667,F,0,68
205606,F,0,7
205607,F,0,8
205608,F,0,9
205722,F,1,1
205731,F,1,10
205732,F,1,11
205733,F,1,12
205734,F,1,13
205735,F,1,14
205710,F,1,15
205711,F,1,16
205712,F,1,17
205713,F,1,18
205714,F,1,19
205723,F,1,2
205715,F,1,20
205716,F,1,21
205717,F,1,22
205718,F,1,23
205719,F,1,24
205720,F,1,25
205721,F,1,26
205697,F,1,27
205698,F,1,28
205699,F,1,29
205724,F,1,3
205700,F,1,30
205701,F,1,31
205702,F,1,32
205703,F,1,33
205704,F,1,34
205705,F,1,35
205706,F,1,36
205707,F,1,37
205708,F,1,38
205709,F,1,39
205725,F,1,4
205684,F,1,40
205685,F,1,41
205686,F,1,42
205687,F,1,43
205688,F,1,44
205689,F,1,45
205690,F,1,46
205691,F,1,47
205692,F,1,48
205693,F,1,49
205726,F,1,5
205694,F,1,50
205695,F,1,51
205696,F,1,52
205668,F,1,53
205669,F,1,54
205670,F,1,55
205671,F,1,56
205672,F,1,57
205673,F,1,58
205674,F,1,59
205727,F,1,6
205675,F,1,60
205676,F,1,61
205677,F,1,62
205678,F,1,63
205679,F,1,64
205680,F,1,65
205681,F,1,66
205682,F,1,67
205683,F,1,68
205728,F,1,7
205729,F,1,8
205730,F,1,9
205793,F,2,1
205802,F,2,10
205803,F,2,11
205780,F,2,12
205781,F,2,13
205782,F,2,14
205783,F,2,15
205784,F,2,16
205785,F,2,17
205786,F,2,18
205787,F,2,19
205794,F,2,2
205788,F,2,20
205789,F,2,21
205790,F,2,22
205791,F,2,23
205792,F,2,24
205765,F,2,25
205766,F,2,26
205767,F,2,27
205768,F,2,28
205769,F,2,29
205795,F,2,3
205770,F,2,30
205771,F,2,31
205772,F,2,32
205773,F,2,33
205774,F,2,34
205775,F,2,35
205776,F,2,36
205777,F,2,37
205778,F,2,38
205779,F,2,39
205796,F,2,4
205751,F,2,40
205752,F,2,41
205753,F,2,42
205754,F,2,43
205755,F,2,44
205756,F,2,45
205757,F,2,46
205758,F,2,47
205759,F,2,48
205760,F,2,49
205797,F,2,5
205761,F,2,50
205762,F,2,51
205763,F,2,52
205764,F,2,53
205736,F,2,54
205737,F,2,55
205738,F,2,56
205739,F,2,57
205740,F,2,58
205741,F,2,59
205798,F,2,6
205742,F,2,60
205743,F,2,61
205744,F,2,62
205745,F,2,63
205746,F,2,64
205747,F,2,65
205748,F,2,66
205749,F,2,67
205750,F,2,68
205799,F,2,7
205800,F,2,8
205801,F,2,9
205804,F,3,1
205813,F,3,10
205814,F,3,11
205815,F,3,12
205816,F,3,13
205817,F,3,14
205818,F,3,15
205819,F,3,16
205820,F,3,17
205821,F,3,18
205822,F,3,19
205805,F,3,2
205823,F,3,20
205824,F,3,21
205825,F,3,22
205826,F,3,23
205827,F,3,24
205828,F,3,25
205829,F,3,26
205830,F,3,27
205831,F,3,28
205832,F,3,29
205806,F,3,3
205833,F,3,30
205834,F,3,31
205835,F,3,32
205836,F,3,33
205837,F,3,34
205838,F,3,35
205839,F,3,36
205840,F,3,37
205841,F,3,38
205842,F,3,39
205807,F,3,4
205843,F,3,40
205844,F,3,41
205845,F,3,42
205846,F,3,43
205847,F,3,44
205848,F,3,45
205849,F,3,46
205850,F,3,47
205851,F,3,48
205852,F,3,49
205808,F,3,5
205853,F,3,50
205854,F,3,51
205855,F,3,52
205856,F,3,53
205857,F,3,54
205858,F,3,55
205859,F,3,56
205860,F,3,57
205861,F,3,58
205862,F,3,59
205809,F,3,6
205863,F,3,60
205864,F,3,61
205865,F,3,62
205866,F,3,63
205867,F,3,64
205868,F,3,65
205869,F,3,66
205870,F,3,67
205871,F,3,68
205810,F,3,7
205811,F,3,8
205812,F,3,9
205872,F,4,1
205881,F,4,10
205882,F,4,11
205883,F,4,12
205884,F,4,13
205885,F,4,14
205886,F,4,15
205887,F,4,16
205888,F,4,17
205889,F,4,18
205890,F,4,19
205873,F,4,2
205891,F,4,20
205892,F,4,21
205893,F,4,22
205894,F,4,23
205895,F,4,24
205896,F,4,25
205897,F,4,26
205898,F,4,27
205899,F,4,28
205900,F,4,29
205874,F,4,3
205901,F,4,30
205902,F,4,31
205903,F,4,32
205904,F,4,33
205905,F,4,34
205906,F,4,35
205907,F,4,36
205908,F,4,37
205909,F,4,38
205910,F,4,39
205875,F,4,4
205911,F,4,40
205912,F,4,41
205913,F,4,42
205914,F,4,43
205915,F,4,44
205916,F,4,45
205917,F,4,46
205918,F,4,47
205919,F,4,48
205920,F,4,49
205876,F,4,5
205921,F,4,50
205922,F,4,51
205923,F,4,52
205924,F,4,53
205925,F,4,54
205926,F,4,55
205927,F,4,56
205928,F,4,57
205929,F,4,58
205930,F,4,59
205877,F,4,6
205931,F,4,60
205932,F,4,61
205933,F,4,62
205934,F,4,63
205935,F,4,64
205936,F,4,65
205937,F,4,66
205938,F,4,67
205939,F,4,68
205878,F,4,7
205879,F,4,8
205880,F,4,9
205940,F,5,1
205949,F,5,10
205950,F,5,11
205951,F,5,12
205952,F,5,13
205953,F,5,14
205954,F,5,15
205955,F,5,16
205956,F,5,17
205957,F,5,18
205958,F,5,19
205941,F,5,2
205959,F,5,20
205960,F,5,21
205961,F,5,22
205962,F,5,23
205963,F,5,24
205964,F,5,25
205965,F,5,26
205966,F,5,27
205967,F,5,28
205968,F,5,29
205942,F,5,3
205969,F,5,30
205970,F,5,31
205971,F,5,32
205972,F,5,33
205973,F,5,34
205974,F,5,35
205975,F,5,36
205976,F,5,37
205977,F,5,38
205978,F,5,39
205943,F,5,4
205979,F,5,40
205980,F,5,41
205981,F,5,42
205982,F,5,43
205983,F,5,44
205984,F,5,45
205985,F,5,46
205986,F,5,47
205987,F,5,48
205988,F,5,49
205944,F,5,5
205989,F,5,50
205990,F,5,51
205991,F,5,52
205992,F,5,53
205993,F,5,54
205994,F,5,55
205995,F,5,56
205996,F,5,57
205997,F,5,58
205998,F,5,59
205945,F,5,6
205999,F,5,60
206000,F,5,61
206001,F,5,62
206002,F,5,63
206003,F,5,64
206004,F,5,65
206005,F,5,66
206006,F,5,67
206007,F,5,68
205946,F,5,7
205947,F,5,8
205948,F,5,9
206008,F,6,1
206017,F,6,10
206018,F,6,11
206019,F,6,12
206020,F,6,13
206021,F,6,14
206022,F,6,15
206023,F,6,16
206024,F,6,17
206025,F,6,18
206026,F,6,19
206009,F,6,2
206027,F,6,20
206028,F,6,21
206029,F,6,22
206030,F,6,23
206031,F,6,24
206032,F,6,25
206033,F,6,26
206034,F,6,27
206035,F,6,28
206036,F,6,29
206010,F,6,3
206037,F,6,30
206038,F,6,31
206039,F,6,32
206040,F,6,33
206041,F,6,34
206042,F,6,35
206043,F,6,36
206044,F,6,37
206045,F,6,38
206046,F,6,39
206011,F,6,4
206047,F,6,40
206048,F,6,41
206049,F,6,42
206050,F,6,43
206051,F,6,44
206052,F,6,45
206053,F,6,46
206054,F,6,47
206055,F,6,48
206056,F,6,49
206012,F,6,5
206057,F,6,50
206058,F,6,51
206059,F,6,52
206060,F,6,53
206061,F,6,54
206062,F,6,55
206063,F,6,56
206064,F,6,57
206065,F,6,58
206066,F,6,59
206013,F,6,6
206067,F,6,60
206068,F,6,61
206069,F,6,62
206070,F,6,63
206071,F,6,64
206072,F,6,65
206073,F,6,66
206074,F,6,67
206075,F,6,68
206014,F,6,7
206015,F,6,8
206016,F,6,9
206076,F,7,1
206085,F,7,10
206086,F,7,11
206087,F,7,12
206088,F,7,13
206089,F,7,14
206090,F,7,15
206091,F,7,16
206092,F,7,17
206093,F,7,18
206094,F,7,19
206077,F,7,2
206095,F,7,20
206096,F,7,21
206097,F,7,22
206098,F,7,23
206099,F,7,24
206100,F,7,25
206101,F,7,26
206102,F,7,27
206103,F,7,28
206104,F,7,29
206078,F,7,3
206105,F,7,30
206106,F,7,31
206107,F,7,32
206108,F,7,33
206109,F,7,34
206110,F,7,35
206111,F,7,36
206112,F,7,37
206113,F,7,38
206114,F,7,39
206079,F,7,4
206115,F,7,40
206116,F,7,41
206117,F,7,42
206118,F,7,43
206119,F,7,44
206120,F,7,45
206121,F,7,46
206122,F,7,47
206123,F,7,48
206124,F,7,49
206080,F,7,5
206125,F,7,50
206126,F,7,51
206127,F,7,52
206128,F,7,53
206129,F,7,54
206130,F,7,55
206131,F,7,56
206132,F,7,57
206133,F,7,58
206134,F,7,59
206081,F,7,6
206135,F,7,60
206136,F,7,61
206137,F,7,62
206138,F,7,63
206139,F,7,64
206140,F,7,65
206141,F,7,66
206142,F,7,67
206143,F,7,68
206082,F,7,7
206083,F,7,8
206084,F,7,9
206144,F,8,1
206153,F,8,10
206154,F,8,11
206155,F,8,12
206156,F,8,13
206157,F,8,14
206158,F,8,15
206159,F,8,16
206160,F,8,17
206161,F,8,18
206162,F,8,19
206145,F,8,2
206163,F,8,20
206164,F,8,21
206165,F,8,22
206166,F,8,23
206167,F,8,24
206168,F,8,25
206169,F,8,26
206170,F,8,27
206171,F,8,28
206172,F,8,29
206146,F,8,3
206173,F,8,30
206174,F,8,31
206175,F,8,32
206176,F,8,33
206177,F,8,34
206178,F,8,35
206179,F,8,36
206180,F,8,37
206181,F,8,38
206182,F,8,39
206147,F,8,4
206183,F,8,40
206184,F,8,41
206185,F,8,42
206186,F,8,43
206187,F,8,44
206188,F,8,45
206189,F,8,46
206190,F,8,47
206191,F,8,48
206192,F,8,49
206148,F,8,5
206193,F,8,50
206194,F,8,51
206195,F,8,52
206196,F,8,53
206197,F,8,54
206198,F,8,55
206199,F,8,56
206200,F,8,57
206201,F,8,58
206202,F,8,59
206149,F,8,6
206203,F,8,60
206204,F,8,61
206205,F,8,62
206206,F,8,63
206207,F,8,64
206208,F,8,65
206209,F,8,66
206210,F,8,67
206211,F,8,68
206150,F,8,7
206151,F,8,8
206152,F,8,9
206212,F,9,1
206221,F,9,10
206222,F,9,11
206223,F,9,12
206224,F,9,13
206225,F,9,14
206226,F,9,15
206227,F,9,16
206228,F,9,17
206229,F,9,18
206230,F,9,19
206213,F,9,2
206231,F,9,20
206232,F,9,21
206233,F,9,22
206234,F,9,23
206235,F,9,24
206236,F,9,25
206237,F,9,26
206238,F,9,27
206239,F,9,28
206240,F,9,29
206214,F,9,3
206241,F,9,30
206242,F,9,31
206243,F,9,32
206244,F,9,33
206245,F,9,34
206246,F,9,35
206247,F,9,36
206248,F,9,37
206249,F,9,38
206250,F,9,39
206215,F,9,4
206251,F,9,40
206252,F,9,41
206253,F,9,42
206254,F,9,43
206255,F,9,44
206256,F,9,45
206257,F,9,46
206258,F,9,47
206259,F,9,48
206260,F,9,49
206216,F,9,5
206261,F,9,50
206262,F,9,51
206263,F,9,52
206264,F,9,53
206265,F,9,54
206266,F,9,55
206267,F,9,56
206268,F,9,57
206269,F,9,58
206270,F,9,59
206217,F,9,6
206271,F,9,60
206272,F,9,61
206273,F,9,62
206274,F,9,63
206275,F,9,64
206276,F,9,65
206277,F,9,66
206278,F,9,67
206279,F,9,68
206218,F,9,7
206219,F,9,8
206220,F,9,9
